transaction_id,account_id,transaction_date,amount,transaction_type,category,description
1,2824,2024-05-21 18:58:33,-849.94,saque,alimentação,Agent every development say.
2,4657,2024-06-19 17:47:20,-162.77,transferência,saúde,Beautiful instead ahead despite measure ago current.
3,9935,2024-05-29 21:55:13,-478.37,depósito,aluguel,Information last everything thank serve civil institution.
4,1488,2023-08-14 23:05:37,-437.83,pagamento,educação,Democratic shake bill here.
5,1434,2023-10-16 23:03:25,2367.47,depósito,alimentação,Page southern role movie win her.
6,8359,2024-03-14 21:58:46,2535.59,transferência,alimentação,Stop peace technology officer relate.
7,7924,2023-02-15 17:25:29,1041.5,pagamento,alimentação,Significant world talk term herself.
8,6514,2023-12-29 07:22:37,-386.74,depósito,aluguel,Class great prove reduce raise author.
9,6881,2024-05-18 08:02:58,4084.97,saque,aluguel,Move each left establish.
10,8527,2024-12-29 21:44:17,2217.37,depósito,aluguel,Detail food shoulder argue start source husband.
11,5803,2023-03-03 13:02:29,3976.43,saque,educação,Tree note responsibility defense material.
12,4150,2024-11-28 06:53:08,3227.43,transferência,saúde,Central cause seat much section investment on.
13,4733,2023-10-19 07:17:57,3638.41,transferência,alimentação,Young catch management sense technology.
14,2654,2023-05-09 20:21:54,1280.76,depósito,saúde,Civil quite others his other life edge network.
15,6977,2023-01-20 01:13:05,-24.08,saque,alimentação,Race Mr environment political.
16,5374,2023-04-07 18:40:46,3210.92,transferência,educação,Itself law west then enjoy.
17,3803,2024-02-03 22:47:52,2204.84,pagamento,alimentação,Medical blood personal success.
18,8573,2024-02-09 10:43:06,1276.73,pagamento,saúde,Current hear claim well two truth out major.
19,6313,2023-04-08 00:33:42,4057.11,transferência,alimentação,These story film around there water.
20,1525,2023-03-18 15:53:32,3830.27,depósito,lazer,Staff within mouth call process water close.
21,2084,2024-02-24 23:44:55,265.9,saque,alimentação,Institution deep much role cut find yet practice.
22,9179,2023-12-17 09:58:25,1373.79,depósito,alimentação,Later easy ask again network open according.
23,5339,2024-07-13 22:18:28,-162.22,saque,saúde,Arrive attack all form method everything magazine much.
24,8019,2024-07-25 23:27:55,4386.94,depósito,lazer,Office drug list imagine behind probably great.
25,4593,2023-11-26 10:41:53,4983.95,pagamento,educação,Tell approach president position art rock song.
26,9085,2023-04-06 00:07:07,-454.54,transferência,aluguel,Court movie cell contain leg.
27,3504,2024-11-20 08:47:45,2764.68,depósito,educação,Kitchen technology nearly anything.
28,2040,2024-03-06 00:29:09,1308.6,depósito,educação,Why unit support.
29,5119,2023-05-20 07:27:36,4826.47,transferência,saúde,Magazine degree husband around her world.
30,2876,2023-08-05 02:56:22,3090.26,saque,saúde,Expect recent room situation product main couple.
31,6573,2023-06-29 05:26:06,-330.69,depósito,alimentação,Often my security arm.
32,8433,2024-04-08 21:03:21,-980.53,saque,educação,Me system church whether bag control organization.
33,3927,2024-06-18 14:04:14,2046.09,transferência,saúde,Identify walk now often always.
34,5889,2023-03-15 19:28:40,4050.02,pagamento,alimentação,Price north first end prove fire.
35,7126,2023-08-05 10:36:35,3575.06,transferência,educação,Capital population lead upon very act.
36,6310,2024-05-07 14:26:38,1931.63,transferência,lazer,You available defense enter value thing these.
37,6038,2023-10-25 03:40:50,436.71,pagamento,educação,Citizen street region particularly would.
38,2290,2024-06-02 02:11:54,-486.08,depósito,aluguel,Account stage federal professional voice care break.
39,9727,2023-04-04 06:29:29,3595.01,pagamento,saúde,Choice example decision garden reach table measure.
40,8787,2023-07-25 04:26:08,4681.09,pagamento,lazer,Begin interest everybody.
41,9645,2023-01-13 21:17:34,4234.6,depósito,alimentação,Side PM energy scientist necessary into.
42,9835,2023-01-18 15:27:09,3531.59,pagamento,saúde,Away third tough nation.
43,6107,2024-10-20 09:10:30,1393.95,saque,transporte,Old challenge camera final together someone.
44,9479,2024-11-09 15:51:19,1708.92,pagamento,alimentação,Together decide economic.
45,2049,2023-03-31 23:24:30,1028.51,pagamento,educação,Sister this image per choice upon.
46,4608,2024-11-12 16:36:53,-956.85,transferência,alimentação,Wish specific thing agent.
47,2104,2024-08-05 05:45:11,4432.52,saque,aluguel,Site in prove same easy city.
48,9423,2024-07-08 19:58:09,428.03,depósito,alimentação,Him although likely current.
49,9834,2024-12-24 12:22:50,-206.13,depósito,alimentação,Glass star the development process huge everything.
50,8749,2023-03-06 01:17:34,3844.98,pagamento,aluguel,Go meeting quickly such former.
51,2588,2023-02-01 13:42:27,2953.9,saque,transporte,Theory end oil worker.
52,7735,2023-02-09 20:21:44,1802.15,transferência,saúde,Others generation skill job.
53,2612,2024-02-12 08:48:47,-636.32,saque,aluguel,History office effort remember.
54,5073,2023-01-12 10:43:26,149.54,depósito,alimentação,Understand Mrs rest score provide hair attorney.
55,7912,2024-06-10 01:29:03,100.93,depósito,alimentação,Perhaps professional by tonight medical project.
56,2235,2023-09-21 11:41:11,1658.78,transferência,aluguel,Recent never court professor here security.
57,9856,2023-05-26 07:18:04,4016.17,transferência,alimentação,Notice image street fight decision size parent focus.
58,3724,2023-12-20 06:41:04,1438.48,depósito,alimentação,Put memory soldier where save probably.
59,7570,2023-08-19 13:21:30,4414.66,pagamento,transporte,Professional people behavior weight dog financial southern.
60,1035,2023-05-05 14:04:24,4911.85,saque,transporte,Animal worker particularly.
61,5673,2024-08-30 00:52:33,1538.04,depósito,alimentação,Lay though offer responsibility.
62,4111,2023-11-05 09:04:25,780.25,transferência,educação,Hundred challenge reach throughout team those sing.
63,9883,2023-06-30 02:41:27,-634.25,saque,aluguel,Sound receive let newspaper.
64,1821,2024-12-23 18:04:37,2505.07,pagamento,aluguel,Lead soon property write.
65,9320,2024-04-17 15:13:55,-519.33,pagamento,aluguel,Wear through partner rest measure store.
66,2113,2024-03-11 16:16:11,3051.28,pagamento,transporte,Today season listen else easy point she.
67,2964,2024-02-20 00:55:45,4649.58,pagamento,educação,Phone ever back experience even floor music.
68,1651,2023-04-28 14:40:33,2716.29,depósito,saúde,Discuss really relationship ask.
69,9565,2023-11-23 17:23:57,898.22,saque,alimentação,My indeed deal information toward once.
70,6147,2024-07-04 08:41:04,432.12,depósito,alimentação,Task she herself.
71,5915,2023-01-15 17:06:26,1743.35,transferência,aluguel,Fear hope through structure Mrs same.
72,8508,2024-09-23 09:49:11,2726.96,transferência,aluguel,Today major event magazine home protect something right.
73,9808,2024-10-24 23:21:27,278.93,saque,alimentação,Try wonder move trade option production base.
74,6718,2023-12-10 01:07:03,4285.19,pagamento,lazer,Term consider employee force.
75,5669,2023-12-30 07:24:22,-53.52,saque,educação,Front they everything week instead strong.
76,9666,2024-01-11 10:21:04,-953.06,saque,saúde,See appear weight.
77,2697,2023-07-04 07:00:01,4633.58,pagamento,lazer,Sit prepare senior wear.
78,2891,2023-06-14 23:32:55,4338.28,pagamento,lazer,Perform draw list.
79,5616,2023-04-09 23:34:12,2628.98,saque,alimentação,Way let eight hard paper white responsibility.
80,5325,2024-09-06 06:17:16,2032.45,saque,aluguel,Who blue agent find.
81,2512,2024-06-20 05:51:53,2805.71,saque,aluguel,However resource away real physical big.
82,1058,2024-09-02 03:17:01,1001.34,pagamento,saúde,Sure outside building worker site.
83,5291,2023-10-07 19:32:37,-30.51,depósito,educação,Into have media game support state black.
84,8007,2023-10-19 10:52:14,2365.44,transferência,aluguel,Religious itself safe whole establish space Mrs.
85,3442,2024-01-21 16:14:35,2273.54,saque,educação,Itself room environmental system store beautiful think.
86,3426,2023-07-19 13:08:25,1578.72,transferência,lazer,Now property from management foot maintain great.
87,6974,2023-07-30 19:14:03,4393.89,transferência,lazer,Evidence other they new might course.
88,4441,2023-07-17 14:23:57,3092.4,transferência,lazer,Major serve real position make society.
89,7658,2023-03-24 09:50:11,4843.02,pagamento,alimentação,Develop reality fill ok list.
90,3662,2024-02-27 12:17:54,4857.24,pagamento,transporte,International second former reflect even edge.
91,1406,2023-04-14 20:23:06,76.16,saque,transporte,Firm sea week real course.
92,5065,2024-08-06 19:47:06,600.83,transferência,transporte,Everybody operation set others wonder strategy fast.
93,1634,2023-10-18 10:30:25,4151.56,pagamento,alimentação,Few remain call animal.
94,8541,2023-02-22 11:38:06,1097.95,pagamento,alimentação,Factor want point sell bill activity expect.
95,1387,2024-01-17 23:04:33,2960.2,depósito,lazer,Future whole education technology box assume.
96,5564,2024-01-28 02:01:00,4186.12,saque,lazer,Officer rather charge specific.
97,9346,2023-09-04 03:06:03,1398.07,saque,aluguel,Yes budget share paper.
98,2889,2024-09-16 07:40:25,4262.23,saque,alimentação,Difficult mission late kind team wrong figure perform.
99,5349,2024-04-28 15:32:24,-770.46,depósito,lazer,Way debate decision produce.
100,6139,2023-05-13 02:57:10,1618.36,transferência,transporte,Community avoid able late order.
101,4114,2023-08-25 08:39:47,528.34,depósito,aluguel,Discuss religious reflect.
102,9518,2023-12-29 18:57:13,4553.45,pagamento,lazer,Reach under skin person.
103,8066,2024-06-07 16:32:29,-580.16,saque,educação,Interesting name positive training step.
104,6143,2023-03-07 14:22:20,2980.32,transferência,saúde,Coach film see notice.
105,5920,2023-08-23 07:17:15,2042.74,depósito,lazer,Buy read record wall matter management.
106,7592,2023-03-14 14:44:28,3183.25,pagamento,alimentação,Always it focus economy before while structure offer.
107,7888,2023-01-27 05:55:10,2989.58,depósito,saúde,Office several compare million kind.
108,3851,2023-08-15 04:24:38,2693.09,saque,transporte,Young job sport why.
109,9977,2024-01-11 04:49:30,4002.35,saque,lazer,Impact fly bit claim in many.
110,4443,2024-06-08 18:38:55,1579.33,saque,transporte,Spend nearly lawyer fire follow wife.
111,8238,2023-11-21 01:33:55,1652.96,pagamento,educação,Stay ability thank left approach million performance.
112,8752,2024-02-02 07:46:52,3762.41,pagamento,saúde,Kind appear environment capital explain thing machine ahead.
113,2389,2024-05-14 11:39:46,702.72,saque,aluguel,Son report financial add impact different success box.
114,4848,2023-04-12 08:55:26,3036.77,pagamento,alimentação,Marriage respond meeting event.
115,3414,2024-10-20 11:34:42,-853.45,pagamento,transporte,Woman during necessary himself two meet these.
116,2193,2024-11-12 05:49:33,1732.5,pagamento,saúde,Everybody so increase various.
117,7291,2024-02-09 12:06:45,1966.26,pagamento,alimentação,Star executive fear only your.
118,1090,2024-01-26 10:45:14,4355.96,transferência,transporte,Land machine forward several.
119,4585,2023-10-31 02:54:05,55.32,depósito,aluguel,Usually thank wonder draw him task improve.
120,5082,2023-09-15 06:25:58,4504.82,transferência,transporte,Relate specific history professional star wonder manager.
121,3184,2023-02-08 21:17:31,3808.5,saque,transporte,Maybe opportunity thank them.
122,9270,2023-12-19 03:05:56,1560.44,depósito,alimentação,Moment lead reveal improve.
123,8777,2024-06-02 17:12:17,1700.42,pagamento,saúde,Avoid sit enter perhaps.
124,5543,2023-11-15 20:49:21,3594.88,depósito,saúde,System system teacher here.
125,4919,2023-09-14 02:11:17,647.58,transferência,saúde,Responsibility service their along attention piece TV young.
126,5681,2024-08-13 03:55:49,406.96,saque,lazer,Its better plant their.
127,9849,2023-12-21 17:57:50,-516.53,pagamento,alimentação,Really tough animal someone.
128,7275,2023-08-26 23:58:05,3163.7,pagamento,aluguel,Hear certainly most not society color.
129,7797,2023-03-13 11:16:23,1445.6,depósito,transporte,That people drive tree central leave effect effort.
130,2020,2023-01-18 10:22:37,241.01,depósito,transporte,Top quality citizen kid generation onto police.
131,1320,2023-12-06 16:53:17,4140.39,depósito,transporte,Lead few yourself table blood.
132,1096,2023-11-03 08:20:31,4656.45,saque,transporte,Grow fast recognize against stop how account.
133,7865,2024-11-13 01:13:17,2229.32,pagamento,transporte,Treat seat strategy.
134,4595,2024-12-12 11:07:23,637.61,depósito,aluguel,Simply discover soon despite couple.
135,7371,2023-07-24 19:13:06,1016.78,depósito,saúde,Pick tough position final.
136,3704,2023-12-19 12:44:10,4043.03,pagamento,educação,Often run bed.
137,9751,2023-08-28 08:27:14,-838.2,depósito,educação,Section compare car much will most.
138,1444,2024-12-20 15:49:40,-496.32,depósito,alimentação,Store either station loss southern.
139,8564,2024-08-13 00:04:16,90.37,saque,transporte,Sound life away senior difficult put.
140,6363,2024-06-17 23:02:22,269.96,saque,lazer,Whose source hand so add Mr.
141,7211,2023-12-30 09:01:20,669.54,depósito,lazer,Pull public once state wait board.
142,2341,2023-07-11 17:57:09,1821.84,transferência,lazer,Agent this no trip determine as statement.
143,4673,2024-12-17 11:24:38,2900.86,transferência,aluguel,Power bring animal also you.
144,5051,2023-04-11 07:50:20,196.16,transferência,educação,Doctor Mr home he.
145,3496,2024-08-10 08:19:56,431.27,depósito,saúde,Industry score choice increase between majority impact.
146,2874,2023-08-16 09:55:50,2383.82,pagamento,transporte,Real describe know.
147,5198,2023-07-13 12:39:17,3601.39,pagamento,educação,Between rate name within grow huge.
148,2876,2023-06-07 13:29:03,3666.75,pagamento,lazer,We station begin deep.
149,2771,2024-05-21 20:12:30,2472.11,saque,educação,Wife anything four writer skin day stop never.
150,7149,2024-04-10 14:10:09,1379.93,pagamento,aluguel,Spend do similar small other.
151,4978,2023-08-14 11:58:26,-388.59,saque,saúde,Would music sometimes body.
152,2983,2024-11-14 02:57:20,3777.36,transferência,lazer,Capital group small.
153,9728,2024-04-12 12:12:37,1570.27,saque,aluguel,Administration enter camera inside box as.
154,9289,2023-12-25 07:39:07,2885.26,transferência,transporte,Message board mean war analysis situation.
155,9031,2024-11-14 12:53:30,-366.77,saque,saúde,Feeling poor all your suggest international blue.
156,8532,2024-07-17 11:19:09,3243.85,depósito,alimentação,Available ball part assume every plan.
157,9548,2024-03-12 01:18:04,4792.84,saque,educação,Herself our far measure involve soldier.
158,9817,2023-04-10 00:01:45,3647.85,depósito,transporte,Result Democrat later direction fund law indeed.
159,5397,2023-03-25 23:43:29,933.83,pagamento,aluguel,Interview professor hear check type attack.
160,5569,2024-10-18 04:32:53,4289.79,pagamento,transporte,Behavior benefit school speech.
161,7209,2024-03-18 06:41:55,1018.38,depósito,lazer,Only no form business.
162,3979,2023-10-12 18:44:32,1925.3,saque,lazer,Test return why outside goal official.
163,6576,2023-06-25 08:56:06,677.95,saque,educação,Prevent difference board suddenly.
164,1166,2023-10-23 15:01:51,2099.76,pagamento,aluguel,Several off southern suddenly.
165,4954,2024-08-29 05:10:32,3320.45,depósito,educação,Party poor ago upon stop environment Congress reflect.
166,4937,2023-09-08 03:05:18,3143.66,depósito,transporte,Go consider century price attorney scientist.
167,1282,2023-02-03 22:41:10,-441.68,pagamento,transporte,Second Democrat information game.
168,4986,2023-10-25 13:29:09,837.24,saque,transporte,Return since nothing be apply.
169,9698,2023-05-13 09:31:46,1062.54,saque,lazer,Anyone bank kitchen interest parent increase democratic mention.
170,8434,2023-10-06 05:41:05,625.5,saque,alimentação,Book question or money final determine.
171,2976,2024-04-20 15:25:24,3327.71,saque,aluguel,Account feeling deep case.
172,9779,2023-07-28 14:25:30,4705.27,pagamento,alimentação,Foreign account section compare herself.
173,4545,2024-07-10 16:34:46,3431.63,saque,saúde,Matter street south author technology.
174,9595,2023-02-12 23:46:03,2580.74,transferência,alimentação,Affect TV television office of remember.
175,5853,2023-12-01 13:34:34,364.9,pagamento,lazer,Boy again foot soon peace.
176,1231,2024-10-18 09:17:00,3248.11,pagamento,lazer,Because such during open model how.
177,1745,2023-09-09 03:08:00,4845.77,saque,saúde,Develop single baby plan most create.
178,3068,2024-09-05 01:08:21,2827.22,depósito,aluguel,Go when population challenge bill eight.
179,1200,2023-05-25 21:27:09,2444.39,depósito,transporte,Check service away week physical less nor often.
180,8216,2024-06-23 04:26:40,1044.24,transferência,lazer,Poor worry follow wife firm key light.
181,8827,2024-05-15 13:04:05,-315.48,transferência,transporte,Someone option goal avoid left.
182,9056,2023-02-09 08:14:46,-555.51,transferência,alimentação,Hard expert popular within.
183,3444,2023-03-22 06:26:42,3866.85,saque,aluguel,Order his oil west school American training occur.
184,5066,2023-06-06 08:14:03,-289.29,depósito,educação,Painting may whatever late specific study.
185,4697,2024-07-18 23:00:12,3654.16,depósito,transporte,Mean common easy just.
186,8253,2023-12-18 10:36:44,784.12,depósito,lazer,Mission city health executive impact full our.
187,1986,2024-09-15 03:27:09,2657.79,transferência,alimentação,Positive at behind question exist rich prevent trade.
188,4457,2024-11-19 10:18:33,587.88,transferência,alimentação,Four old center glass.
189,4929,2024-06-03 16:56:33,42.88,transferência,alimentação,Can remember be next poor foreign.
190,1043,2023-04-20 09:26:41,1451.11,depósito,lazer,Behavior provide meet adult final week game.
191,1534,2024-08-28 05:22:59,388.86,saque,saúde,Court yourself choice fast small medical music.
192,8438,2024-08-06 20:31:06,-572.92,pagamento,lazer,Also from short capital heavy class story.
193,4241,2024-09-01 01:30:05,1550.83,pagamento,saúde,Speak close join improve put down know expect.
194,3441,2024-08-14 12:55:42,4450.47,pagamento,aluguel,Doctor dream whole six tough create question.
195,1977,2024-03-29 04:35:04,-4.46,saque,educação,Left example high month whom stage.
196,5728,2024-09-24 11:45:03,1634.92,depósito,saúde,Catch economic political them never bill suffer surface.
197,5982,2023-08-20 13:09:22,3198.4,saque,educação,Several evening town challenge.
198,9847,2023-12-16 22:16:33,1962.77,transferência,educação,Watch develop later glass.
199,1653,2023-01-31 20:21:53,4336.54,saque,educação,Apply maybe dog yes heart agreement.
200,5102,2025-01-03 03:02:56,-844.81,pagamento,saúde,Stuff practice social case.
201,1339,2023-08-21 23:00:57,4997.43,saque,educação,Receive catch relationship large accept bad eight.
202,1659,2024-10-20 16:02:12,3578.65,pagamento,transporte,Nature road month book.
203,9502,2023-08-22 21:47:56,2909.06,saque,alimentação,Feeling answer information soldier lead.
204,8141,2023-04-07 05:44:14,2808.71,depósito,aluguel,Others administration middle drop century investment pass.
205,8700,2023-07-16 23:38:19,1087.77,saque,lazer,Indicate professor beat window attack moment medical.
206,2713,2024-02-09 09:58:02,4146.4,saque,transporte,After them analysis hit health section ground.
207,9117,2023-03-04 14:35:52,729.31,depósito,educação,Drop price billion old series card.
208,1601,2023-10-11 18:31:35,1728.96,saque,lazer,Full poor store range wonder long consider.
209,6296,2023-04-25 21:01:50,-304.47,depósito,educação,Respond want already cut.
210,1018,2024-09-16 14:32:27,2945.96,depósito,transporte,Though firm financial huge spring.
211,1888,2024-01-13 20:00:27,125.5,saque,educação,Already positive experience television answer.
212,9167,2024-06-03 10:54:54,2752.45,transferência,alimentação,Event son join hundred keep what.
213,5375,2023-10-01 11:17:49,2295.32,saque,transporte,Many marriage under mind.
214,8941,2024-09-24 09:40:45,-271.44,pagamento,saúde,Risk bad own state.
215,3594,2024-03-09 19:34:34,864.5,transferência,educação,Fly bag produce fill owner.
216,7684,2023-12-08 02:34:32,-440.74,transferência,transporte,Ready goal amount thank.
217,2924,2023-10-11 23:22:41,2886.26,pagamento,transporte,Your ever woman way avoid point guy song.
218,5781,2024-06-21 20:19:41,2053.23,saque,transporte,Well central parent sit.
219,8905,2023-02-07 03:53:46,4881.47,pagamento,transporte,Attack sing hand him.
220,3369,2024-03-26 17:24:10,1301.52,pagamento,aluguel,Painting quickly we.
221,5526,2023-10-27 02:01:42,3636.05,depósito,lazer,Several off morning huge power economic.
222,9318,2023-04-09 06:01:54,603.04,transferência,lazer,Save material hit.
223,5891,2024-03-22 09:32:04,4024.86,depósito,alimentação,Energy employee land you.
224,8316,2023-08-20 22:44:06,2231.48,saque,lazer,Customer career available common require young specific.
225,9903,2024-10-28 20:51:15,1263.26,saque,alimentação,Property remember nearly face feel church.
226,4912,2024-07-15 06:25:26,2430.79,pagamento,transporte,Soldier meeting building cut.
227,1715,2023-04-29 00:02:56,909.06,depósito,saúde,So ago network hard sound.
228,7246,2024-03-14 14:38:26,1316.47,pagamento,transporte,Partner beat finally yourself.
229,1606,2024-07-22 11:53:53,-242.52,saque,aluguel,Moment shoulder statement available win politics last.
230,8213,2024-06-22 09:20:48,-401.73,depósito,aluguel,General there sister policy consider whom item.
231,3361,2024-12-18 12:06:12,1459.87,pagamento,aluguel,Story million fight class.
232,8692,2025-01-06 03:58:21,3689.15,saque,lazer,Generation wait thus suffer economy.
233,7512,2024-05-18 09:31:06,2899.02,saque,saúde,Ever person pass behavior political option oil.
234,9742,2023-05-24 02:36:26,1280.06,saque,saúde,Result painting successful nor stay agreement animal political.
235,8994,2024-04-03 02:59:29,4234.3,transferência,educação,Prepare short indicate police marriage.
236,2121,2024-05-12 06:22:51,408.62,saque,alimentação,Face what lot source rate father authority.
237,2480,2023-02-26 16:03:22,1603.83,transferência,saúde,Keep machine daughter parent.
238,2646,2023-09-10 22:09:23,1662.07,saque,aluguel,Safe team wish candidate have no.
239,1753,2023-09-15 23:56:51,946.25,transferência,lazer,Letter environment easy best face.
240,6873,2023-11-05 12:16:05,1249.05,pagamento,alimentação,Industry while total spend value return couple city.
241,9702,2024-02-14 22:21:46,1472.31,pagamento,alimentação,Material final age war measure whom Democrat.
242,3868,2023-10-12 05:38:15,-526.19,depósito,educação,Anything manager think.
243,4945,2024-06-02 07:29:14,1986.0,pagamento,alimentação,Experience account blue care enough hand idea.
244,8555,2023-02-15 06:34:32,2827.43,depósito,lazer,Anything no guy eye hit late.
245,1153,2024-03-13 05:16:31,4393.45,depósito,lazer,Stay perhaps particularly campaign benefit.
246,9955,2023-10-28 00:07:03,-52.15,depósito,lazer,Newspaper hand certain own husband American.
247,5901,2023-02-10 08:36:19,2833.63,depósito,saúde,Require sound mind chance.
248,5097,2024-12-04 20:22:40,1741.01,saque,alimentação,Cause use five hotel pattern successful order.
249,7302,2024-02-09 04:13:59,4120.01,transferência,alimentação,Mother remember feel staff happy purpose woman.
250,7248,2024-04-08 12:11:34,2431.54,saque,saúde,Someone rise read ago listen.
251,5837,2024-06-03 08:17:52,-868.36,depósito,lazer,Officer return on color pick people subject challenge.
252,1132,2024-06-22 20:51:55,2395.57,transferência,educação,All way body affect finish.
253,9138,2023-05-08 18:04:46,3997.03,saque,alimentação,Real improve simple turn their save.
254,6772,2023-02-28 12:12:13,314.03,pagamento,educação,Million night your long.
255,5106,2023-10-30 19:43:09,3066.59,pagamento,saúde,What least mouth national put test.
256,2591,2024-06-22 21:13:10,4420.42,transferência,lazer,Particular court east newspaper different.
257,8222,2023-08-30 07:08:02,-799.81,saque,saúde,Relate real major look night.
258,3153,2025-01-05 23:15:59,-459.2,saque,lazer,Explain of myself time house.
259,7807,2023-10-06 04:58:22,53.84,pagamento,educação,Fact explain research get.
260,6994,2023-12-20 17:41:05,2185.11,saque,alimentação,Section degree still even no.
261,5210,2023-08-10 02:35:15,4484.29,depósito,lazer,Body scientist dream anything.
262,6549,2024-12-14 05:03:09,3825.4,depósito,aluguel,Difficult do beyond form line race case.
263,3306,2024-03-13 14:30:42,3524.91,pagamento,saúde,Imagine various there local.
264,7511,2023-06-15 01:19:30,4803.62,saque,aluguel,Fly position traditional become off.
265,7464,2024-03-01 19:09:28,-916.49,transferência,transporte,Tree company think.
266,7038,2023-05-27 16:08:07,3036.97,saque,educação,Young however many.
267,7242,2025-01-07 14:50:55,3934.5,saque,aluguel,Theory across nothing blue work.
268,4830,2023-08-20 03:48:36,1828.86,saque,educação,Writer myself management voice surface life cover.
269,4626,2023-04-08 15:05:03,2885.91,depósito,saúde,Class learn either control say so.
270,5951,2024-03-27 03:24:19,2895.44,transferência,alimentação,Compare task today still middle.
271,1742,2023-03-19 12:06:20,4677.57,saque,transporte,Protect continue cell food easy end.
272,2902,2023-07-13 01:37:50,-416.85,pagamento,transporte,Send west few reveal activity president realize.
273,8432,2023-02-28 09:16:40,1226.07,depósito,educação,Let civil rather type.
274,3531,2024-11-30 17:00:51,4312.48,transferência,transporte,Real police wait happen determine.
275,7686,2023-04-24 21:05:56,4634.32,saque,aluguel,Check security paper indeed near likely Mr.
276,7070,2024-06-09 22:48:50,303.62,depósito,alimentação,Seven quite other skin moment.
277,6942,2024-02-25 09:03:25,-403.87,saque,educação,Back nor article natural measure of.
278,6876,2023-05-07 12:38:50,-636.7,saque,alimentação,Foreign minute break day.
279,3001,2024-04-08 01:51:25,4694.06,depósito,aluguel,Before member speak law message lead around.
280,4475,2024-01-05 06:33:09,2850.23,transferência,aluguel,Rich how staff second official.
281,6464,2023-02-15 07:27:34,461.41,pagamento,educação,General as yes various attorney value.
282,4362,2023-02-04 18:46:38,-588.34,pagamento,educação,Important shoulder she within position.
283,4538,2023-12-03 15:18:39,3878.32,pagamento,lazer,Year him thank trade heart radio.
284,3417,2024-06-08 03:54:12,3731.86,transferência,lazer,Card team budget year hotel camera without.
285,3370,2024-10-20 13:23:57,4925.16,saque,alimentação,Series without leg.
286,2801,2024-07-22 16:04:46,2966.35,transferência,alimentação,Interest here discover leave choice country themselves.
287,1243,2024-08-27 16:57:46,1149.45,pagamento,educação,Allow produce past view.
288,6304,2024-12-01 16:07:41,-905.31,saque,aluguel,Drive attack order.
289,3076,2023-12-23 21:27:39,3450.31,transferência,saúde,Public the each analysis keep music senior simply.
290,2041,2023-04-29 23:30:46,1857.48,saque,educação,Year doctor trouble office officer significant stand.
291,2786,2023-07-14 03:24:27,1712.03,pagamento,educação,Then worry miss including every.
292,1710,2024-03-18 13:10:27,3363.46,saque,transporte,They treatment personal interview many win walk provide.
293,1510,2024-09-12 11:39:20,-635.05,depósito,transporte,Five indicate chance heavy senior list support.
294,7984,2023-09-01 17:19:46,3116.58,depósito,saúde,South trip none whose.
295,8267,2024-03-18 23:46:28,-559.06,transferência,lazer,Care drug data position two suggest begin.
296,3430,2024-07-26 22:26:03,-605.91,saque,educação,Appear help painting always authority.
297,9984,2024-09-27 02:58:15,3272.92,depósito,educação,Right next look thank four whatever address view.
298,9692,2024-08-09 01:17:45,769.39,depósito,aluguel,Section senior trial receive.
299,2874,2024-07-10 18:23:37,4116.76,pagamento,transporte,However dream focus executive letter.
300,8398,2024-05-29 00:14:19,4328.55,depósito,lazer,Final growth third letter sort reveal.
301,8430,2024-08-24 16:59:21,1392.38,transferência,lazer,Trial have including none determine certainly.
302,7992,2023-08-01 16:22:41,875.14,saque,lazer,Various often individual charge form here street.
303,3500,2024-02-02 22:51:02,3120.93,depósito,aluguel,Pressure range either start whom politics make.
304,2494,2023-05-21 19:17:55,3990.63,transferência,transporte,College result major true my politics.
305,2582,2023-02-25 18:02:28,3467.53,saque,alimentação,Almost suggest war property share include successful.
306,1982,2023-07-09 21:25:39,2518.79,saque,saúde,Religious across media health.
307,3002,2024-05-05 00:28:47,1464.85,depósito,saúde,Tree process administration mother in admit reveal movie.
308,1842,2023-08-21 19:27:29,4810.39,saque,lazer,Maybe recently issue.
309,2697,2025-01-10 00:41:45,2467.51,pagamento,alimentação,Blood benefit chance court.
310,8900,2024-02-24 01:02:50,345.47,transferência,lazer,Spring environment however health image.
311,7022,2024-03-24 23:36:01,-310.69,saque,educação,Wrong difficult range summer president.
312,4705,2024-11-07 17:33:39,3843.33,transferência,educação,Behavior here need.
313,5381,2023-02-23 17:15:16,-826.28,saque,saúde,Reflect bar suddenly.
314,6062,2024-05-26 01:08:19,4529.23,saque,aluguel,Not teach believe month amount deep.
315,3972,2024-11-15 10:04:05,4219.18,depósito,aluguel,Little another avoid understand tonight nor allow.
316,3324,2025-01-01 12:39:22,3445.81,transferência,aluguel,Administration debate certain star start up.
317,9691,2023-08-31 14:07:19,290.8,depósito,transporte,Nor note support quality.
318,6585,2024-03-06 00:00:37,-55.54,saque,saúde,Himself science so ready bad seat.
319,6314,2023-10-06 18:29:05,3661.01,transferência,aluguel,Best discussion away.
320,3549,2024-04-25 04:21:33,-55.54,transferência,saúde,Western however similar ahead event yeah make green.
321,2336,2023-10-29 17:39:46,632.62,depósito,transporte,Control one herself sign far east.
322,8242,2023-03-09 05:27:37,1485.1,pagamento,educação,Environmental here six child.
323,2864,2023-11-09 18:16:35,1071.04,transferência,lazer,Guess before wall know seven bill.
324,8972,2023-03-19 22:32:05,2161.6,saque,aluguel,Issue news mention billion.
325,4612,2023-03-21 17:48:45,1371.58,transferência,aluguel,Never others six tell activity including.
326,4349,2024-09-07 07:57:40,808.52,pagamento,alimentação,Right nice yeah drug.
327,5186,2024-02-19 21:17:20,736.68,transferência,aluguel,Rate college especially environmental.
328,9149,2023-05-04 11:37:07,3482.08,pagamento,alimentação,Cold every feel site.
329,7229,2023-10-18 15:03:09,2195.49,pagamento,educação,Want result many pattern leader.
330,6802,2023-04-26 08:54:15,-567.55,transferência,transporte,According how success here television.
331,1307,2023-12-19 01:32:47,1758.53,transferência,lazer,Issue statement prepare organization feel owner.
332,8033,2024-07-04 04:23:03,2440.4,depósito,lazer,Look concern huge five same.
333,2887,2024-05-16 17:21:12,1430.19,saque,alimentação,Whose site for exactly skill half usually.
334,8538,2023-06-15 07:44:21,3992.16,saque,aluguel,Young conference should agree road wall decide something.
335,8155,2024-10-17 19:24:44,4066.91,pagamento,transporte,Standard somebody important material.
336,7560,2024-05-17 01:26:09,2143.78,depósito,lazer,Drug probably resource smile available.
337,6562,2024-04-19 13:29:28,329.43,pagamento,aluguel,Old move type thank industry already why.
338,9363,2024-07-09 02:36:26,2799.35,pagamento,lazer,Order trial body eat professor coach partner.
339,6752,2024-03-23 14:23:00,3364.27,pagamento,alimentação,Whom former someone black better develop.
340,2684,2024-08-13 05:32:45,-121.33,pagamento,alimentação,Newspaper reach determine hear leg quickly real.
341,3504,2023-05-08 05:17:08,3561.29,transferência,alimentação,Young lot far turn beat story.
342,9095,2024-07-31 06:11:32,1783.72,depósito,saúde,Give gas six miss.
343,6295,2023-10-08 15:59:04,4185.48,saque,alimentação,Best reveal laugh attack and represent against.
344,8205,2023-10-04 14:37:58,-590.28,depósito,saúde,Quality clearly worker during.
345,5961,2023-05-26 15:14:25,3777.98,transferência,lazer,Civil nice when discussion if continue policy.
346,9312,2023-12-12 18:45:59,-554.86,depósito,transporte,Ahead pass culture or home relate.
347,1616,2023-06-19 23:17:49,-658.66,saque,aluguel,Sell speak artist big the.
348,2479,2023-06-05 08:22:49,2690.05,depósito,transporte,For leader energy television month police.
349,1672,2024-04-18 19:32:21,1698.4,pagamento,lazer,Particularly only girl suddenly pay sport.
350,8792,2024-07-12 11:46:23,2008.2,transferência,transporte,Try opportunity public finish draw.
351,2695,2023-04-11 23:16:55,3865.8,saque,saúde,Health center home others.
352,2381,2024-04-01 14:21:27,2027.29,pagamento,aluguel,Institution main Mr try us community.
353,5059,2023-05-20 17:47:42,3245.73,depósito,educação,Eye cost success people tend weight machine.
354,9564,2023-06-11 16:39:18,2658.83,saque,lazer,White measure manager range indeed style.
355,5634,2024-01-25 17:12:56,1324.5,saque,saúde,Bar air set factor.
356,1857,2023-08-12 14:49:34,3735.36,saque,aluguel,Mrs collection leader score she.
357,6401,2024-03-13 02:50:06,-432.96,depósito,lazer,Both box simple statement happen state among.
358,5128,2024-07-22 13:57:34,3342.4,pagamento,lazer,National wrong bill stop seem fear.
359,2335,2023-02-05 04:00:52,2496.44,pagamento,lazer,Enjoy television beautiful tend bring speech decide.
360,6082,2024-08-06 01:17:56,4806.18,depósito,alimentação,Ready technology particular into pattern size spend south.
361,2388,2024-03-28 22:09:08,857.49,depósito,saúde,Mother others collection without fall of.
362,6381,2024-11-07 13:47:22,3879.11,transferência,saúde,World quickly believe while size try yeah.
363,7937,2024-11-14 14:08:05,2050.93,transferência,lazer,Reduce car chair focus.
364,6060,2023-07-22 09:57:04,81.58,pagamento,lazer,Majority officer environmental increase later plant.
365,8967,2024-11-24 17:55:01,152.03,pagamento,alimentação,Idea seek reason theory.
366,2264,2023-12-30 07:20:15,774.75,transferência,educação,Force able similar run room learn professional.
367,9843,2023-10-16 08:57:07,4010.72,transferência,saúde,Somebody huge why station.
368,6517,2024-01-30 09:21:05,4258.36,pagamento,educação,Follow exist natural candidate system.
369,7172,2024-09-14 10:14:29,-74.48,pagamento,saúde,Thus several animal phone student administration.
370,3712,2025-01-02 01:04:51,3327.1,transferência,transporte,Kid a when dark.
371,6968,2024-06-28 23:28:45,3058.18,pagamento,transporte,Think few themselves theory.
372,5668,2023-03-24 15:10:47,3514.35,depósito,alimentação,Economy head tough close how figure.
373,9749,2024-07-07 09:43:42,435.01,depósito,alimentação,Investment before believe degree back.
374,7026,2024-04-16 06:11:03,3069.84,depósito,transporte,Mind knowledge account gas building.
375,5616,2024-11-09 09:06:06,3668.74,depósito,alimentação,Really local director become south billion.
376,4271,2023-10-23 15:02:34,3807.56,pagamento,lazer,Case similar send card year.
377,1854,2023-05-02 02:10:14,2847.07,saque,educação,Most across practice key.
378,2680,2024-07-25 06:18:19,3268.41,transferência,lazer,Physical character in rather team.
379,2374,2023-03-19 11:10:42,3578.7,saque,transporte,Cause but role goal.
380,9410,2023-12-10 15:34:57,-115.91,depósito,aluguel,Social easy popular easy over return.
381,4637,2023-08-20 10:30:18,3900.22,saque,aluguel,Summer probably feeling.
382,7797,2024-02-17 06:44:22,-680.46,saque,alimentação,Meeting security far approach today west manager both.
383,7326,2024-02-03 04:05:23,4967.15,saque,alimentação,Audience thousand activity guess first hit stuff inside.
384,1461,2024-03-10 12:00:52,912.11,transferência,saúde,Several west side admit.
385,6493,2023-03-04 14:05:41,3748.28,pagamento,aluguel,Energy always art.
386,5700,2024-09-15 04:37:42,4504.38,depósito,saúde,Media pick may indeed reduce bar.
387,3273,2024-03-02 21:29:22,3553.05,depósito,transporte,Pattern everyone finally memory data space movie.
388,1086,2023-11-10 14:57:34,4435.14,transferência,lazer,Plant strong race at recognize role suffer around.
389,4533,2023-03-19 02:19:09,4009.78,depósito,aluguel,Break partner area program price compare.
390,5720,2023-01-20 23:17:18,425.84,transferência,aluguel,Reduce clearly well mission.
391,4906,2024-09-10 07:08:01,1518.95,depósito,aluguel,Cold camera sit environmental though.
392,2816,2024-09-01 07:41:57,4020.13,depósito,educação,Friend investment model.
393,9782,2023-08-03 08:55:59,-901.39,pagamento,saúde,Physical many member area teacher cold church.
394,3352,2024-09-02 19:05:34,747.63,transferência,educação,Thus purpose boy scientist.
395,6780,2023-01-13 03:04:36,443.39,depósito,alimentação,Teach activity animal.
396,2402,2023-10-20 20:12:36,2140.91,saque,aluguel,Turn condition whether along sort research.
397,9618,2024-06-03 10:23:30,2264.49,transferência,transporte,Different eat trouble floor step number.
398,8702,2023-04-13 20:59:27,-738.79,depósito,lazer,Pull apply development middle animal husband theory.
399,5155,2024-11-13 19:12:26,3483.9,saque,aluguel,Similar financial beat lead hard.
400,6649,2023-08-25 14:55:22,446.76,transferência,educação,Six science drug happy will young simply.
401,6447,2024-08-02 01:18:09,-199.54,saque,educação,Set early according improve do get style.
402,6546,2024-11-22 11:21:49,3881.05,pagamento,saúde,Week ability price.
403,8612,2024-10-31 13:48:54,4884.92,depósito,saúde,Billion morning draw man art.
404,3986,2023-05-01 17:13:49,3868.99,transferência,saúde,Behavior TV today mind red.
405,8498,2023-10-27 10:57:00,-778.1,pagamento,aluguel,Window be believe card star avoid nothing.
406,4268,2023-12-14 23:51:53,4314.74,saque,lazer,Door end fire song.
407,9444,2024-07-08 09:40:06,1389.34,depósito,lazer,Fish evening avoid dark sister once.
408,1599,2023-05-11 20:15:32,3519.75,pagamento,lazer,Clearly letter image movie.
409,6848,2024-08-31 11:18:51,4172.83,transferência,saúde,Later leg system bed space.
410,6438,2023-09-04 10:10:28,639.3,saque,transporte,American structure foreign before eat green message quality.
411,7553,2023-08-01 05:03:24,3459.85,depósito,lazer,All identify laugh security.
412,4060,2023-07-24 04:47:13,1977.22,depósito,lazer,Left sound cause activity.
413,9507,2024-10-17 02:27:30,600.32,transferência,saúde,Candidate statement head piece popular.
414,7955,2024-04-07 10:29:55,-526.44,pagamento,educação,Else spend against ask total kitchen can toward.
415,5813,2024-10-16 07:30:57,927.27,transferência,lazer,Business walk anything under item right.
416,5843,2024-01-31 11:39:45,838.98,depósito,alimentação,Him interview government.
417,8272,2024-12-16 15:12:51,1109.28,transferência,saúde,Every land chance pass.
418,6776,2024-05-04 08:29:03,2689.11,depósito,lazer,Positive material third look because.
419,1939,2023-11-04 15:07:07,-549.75,depósito,lazer,Information poor something eat.
420,9406,2024-09-25 04:41:35,3806.58,pagamento,aluguel,Some writer site grow name machine tree.
421,3339,2024-02-05 08:29:07,4092.02,depósito,aluguel,Home conference five despite time sing.
422,3068,2023-02-25 15:24:57,-596.6,saque,lazer,Morning short yourself wind beyond prevent entire.
423,7272,2024-10-06 03:51:16,4696.8,transferência,educação,Shake way offer work.
424,3513,2023-11-08 19:55:01,3074.37,saque,lazer,Very yard community door fish scene.
425,8273,2023-10-16 19:23:55,3578.51,pagamento,educação,Agreement red way nor none could write think.
426,7012,2024-01-28 10:58:03,1388.2,saque,alimentação,Finally make bed discussion despite money a.
427,2858,2024-12-24 02:01:17,-844.52,pagamento,transporte,Cut candidate response try such food against only.
428,9482,2024-12-23 13:29:37,1321.92,transferência,lazer,Similar suffer team whether.
429,5264,2023-10-28 07:25:59,3224.23,pagamento,educação,Only from follow wish run join.
430,5678,2024-05-21 15:58:41,3163.88,depósito,alimentação,Power company why really up skin development.
431,3009,2024-04-12 14:01:22,-185.63,transferência,transporte,Her safe family concern.
432,3828,2023-01-12 12:42:42,4392.07,depósito,aluguel,Hot yes whole allow own TV whose.
433,6236,2023-07-01 16:58:56,3007.04,transferência,educação,Bit many former back get floor player.
434,9882,2023-03-21 01:10:08,742.17,saque,alimentação,Land enter economic attack either blue.
435,3852,2023-01-12 03:04:44,3762.18,pagamento,aluguel,History run why.
436,4292,2024-11-28 04:26:26,3752.39,pagamento,transporte,Manage her national big look tell.
437,1430,2024-05-30 18:08:54,1165.38,saque,transporte,Class available suffer far five.
438,3126,2023-04-02 11:24:46,2671.69,transferência,aluguel,Game thousand claim avoid.
439,6067,2024-12-08 17:26:39,1388.96,depósito,educação,Full world throw relate.
440,7730,2023-12-12 03:38:45,3614.99,transferência,alimentação,Parent its approach former.
441,6194,2023-06-07 16:45:34,2854.03,depósito,transporte,Recent reveal role enter example down.
442,9476,2023-02-18 16:28:05,1067.09,pagamento,alimentação,Occur style child guess into far.
443,8088,2024-06-08 08:08:52,2017.18,transferência,aluguel,Outside current agent color factor bank such final.
444,9488,2023-11-15 20:31:29,-81.91,pagamento,alimentação,Major produce before name continue those hard.
445,6286,2023-12-23 09:02:59,4608.43,pagamento,lazer,Enjoy let difficult.
446,9501,2023-08-07 17:33:17,4369.56,transferência,lazer,Article sell property beat gas must wife.
447,4216,2024-04-13 04:29:38,2810.34,saque,alimentação,Network subject stand industry movement.
448,5961,2024-11-14 11:16:19,2686.57,transferência,educação,Of dog federal house take alone number.
449,3762,2024-02-16 13:22:15,2550.85,pagamento,alimentação,Quality per build serious common worker will.
450,6531,2024-09-30 01:59:47,4055.18,transferência,aluguel,Call interest write itself young.
451,2330,2024-05-12 07:32:25,-727.23,saque,saúde,Street election treat trial.
452,4453,2023-03-04 04:23:23,3601.75,depósito,educação,Hold however for everybody.
453,1496,2024-01-01 23:51:54,1988.23,saque,saúde,Skill performance mission.
454,5949,2023-12-03 00:59:32,1897.67,depósito,lazer,Increase challenge onto serve.
455,8430,2025-01-09 23:32:30,-562.16,transferência,alimentação,Understand none big experience.
456,8202,2024-03-02 04:07:41,1493.73,depósito,alimentação,There enough pressure occur list common.
457,6573,2023-11-20 03:10:31,2639.96,saque,saúde,Peace race I how.
458,6231,2024-11-23 20:09:15,3405.2,saque,transporte,Real any little environmental head full.
459,3142,2024-09-18 13:56:35,3563.99,transferência,lazer,Financial successful teach range win.
460,4960,2023-07-07 04:37:50,1798.84,saque,transporte,Feel season similar fly.
461,5061,2024-07-30 05:00:07,-154.73,transferência,lazer,Painting become kid tree imagine machine.
462,7293,2024-02-16 07:28:50,4184.98,depósito,alimentação,Start middle city find medical career.
463,3616,2024-11-02 08:29:30,3880.87,saque,alimentação,These ahead cover strategy student economic lead.
464,3610,2024-12-24 04:32:09,1989.59,depósito,transporte,Relate ever statement measure play buy.
465,6055,2023-02-03 20:56:08,1984.22,transferência,transporte,Head order concern that only.
466,9281,2023-10-09 19:11:36,1743.38,pagamento,alimentação,Clear thus see read expect hit.
467,6781,2023-05-17 16:00:37,-708.05,saque,transporte,Sister Democrat determine different deal prepare message.
468,8710,2024-11-12 17:03:59,714.49,transferência,aluguel,Listen car community.
469,8060,2024-09-24 04:23:54,-196.39,saque,saúde,Difference part wall.
470,6992,2024-07-17 17:38:31,3583.14,saque,aluguel,Interest heavy give edge level.
471,7563,2024-06-20 03:02:51,-693.05,pagamento,lazer,Station however bill memory production successful hear.
472,5728,2024-05-27 22:31:41,-558.81,depósito,educação,Participant fear blue as write political technology end.
473,5582,2024-07-16 10:56:42,3951.87,transferência,alimentação,Could military drive arm tax.
474,2584,2024-10-01 07:13:51,1363.42,saque,educação,Identify floor cause agent market fast trade identify.
475,6990,2024-08-05 08:52:41,3529.79,pagamento,educação,On yes staff.
476,9341,2023-10-04 16:17:37,1408.32,transferência,aluguel,Rather point little wait grow.
477,1637,2023-09-01 07:14:00,-177.78,saque,transporte,Subject theory Congress best.
478,9508,2023-04-20 12:14:52,1741.93,pagamento,lazer,Rise next tree water tonight.
479,6218,2024-06-02 10:44:32,-24.99,saque,educação,Develop development the inside.
480,6511,2024-11-29 23:09:30,2043.89,depósito,saúde,He one less brother approach plant.
481,5911,2024-04-05 21:01:00,1849.36,transferência,lazer,Author threat matter test high fear approach take.
482,6427,2023-04-27 19:52:13,3042.84,depósito,educação,Garden would throughout would century.
483,6040,2024-11-10 23:23:04,3780.53,transferência,educação,Single maintain piece computer.
484,8775,2024-05-17 23:06:52,593.18,pagamento,saúde,Above event seven collection.
485,1841,2024-08-26 22:12:22,2501.14,pagamento,educação,Majority shake because pass.
486,7229,2024-05-17 04:15:36,-113.35,pagamento,aluguel,Idea whole himself also current health.
487,2800,2023-01-22 01:36:46,144.71,depósito,lazer,Series most adult above safe difficult.
488,7861,2024-11-22 07:23:03,-91.41,pagamento,transporte,Fine bill me fill assume animal.
489,9221,2023-08-25 00:37:09,3649.83,depósito,saúde,Road others full thousand yet garden top.
490,2020,2023-10-17 04:07:05,3234.65,pagamento,educação,Close trade speech affect difference.
491,6325,2023-04-23 01:02:57,4988.74,depósito,educação,Safe operation college hand practice.
492,7173,2023-02-09 03:42:04,882.52,pagamento,transporte,Theory eight movement any yes product.
493,9734,2024-06-01 18:34:47,1053.96,saque,saúde,Answer break know.
494,5331,2023-04-17 03:10:31,2660.46,pagamento,alimentação,Education reduce day rate act inside big.
495,5571,2024-02-19 06:27:48,2348.52,pagamento,lazer,Performance red industry together memory.
496,5735,2024-05-04 21:55:15,3229.41,depósito,lazer,Executive size marriage participant.
497,8861,2024-09-06 09:24:06,1092.82,saque,lazer,Story win group important civil.
498,2996,2024-03-11 21:14:36,2440.86,depósito,transporte,Travel read lose doctor actually become book.
499,6654,2024-04-01 02:10:46,4727.65,pagamento,lazer,Chance bed memory rich big eight discuss.
500,1689,2023-08-29 01:26:59,725.78,transferência,lazer,Less between company always fact.
501,8247,2024-09-24 18:01:50,2935.83,depósito,alimentação,International break surface three act catch.
502,4310,2024-05-27 19:51:11,3967.71,saque,educação,Forget thus western environmental.
503,5450,2024-08-02 12:34:24,-176.36,pagamento,alimentação,Head garden box hundred.
504,1831,2023-12-31 17:41:39,3019.0,pagamento,saúde,Structure ready long instead though.
505,4814,2023-05-20 16:10:38,-685.05,depósito,lazer,Car risk word such.
506,8739,2023-04-01 16:32:55,-396.73,pagamento,aluguel,Treat lot notice just particularly single.
507,3587,2024-04-29 23:44:36,1441.44,depósito,transporte,Television they road.
508,4267,2024-12-03 18:51:35,3535.47,saque,lazer,Low maintain thought key.
509,5676,2023-03-01 07:51:57,2875.39,transferência,saúde,Pressure actually than modern season.
510,4804,2024-07-26 07:18:47,2210.91,transferência,alimentação,Difference what their mind read peace item.
511,7846,2024-07-28 12:58:15,4293.47,pagamento,aluguel,Loss professional political chance step.
512,7504,2024-12-04 00:26:06,3727.76,pagamento,saúde,Approach poor church support system thank avoid man.
513,5742,2023-07-17 05:44:43,4260.46,transferência,lazer,Wife anyone development poor idea dog.
514,2758,2024-01-02 17:20:23,4570.73,saque,lazer,Soon large task language budget market.
515,8444,2024-06-01 14:57:07,4934.6,depósito,alimentação,Bill include news.
516,9261,2023-01-11 06:21:36,1808.12,pagamento,aluguel,Social white point three.
517,6417,2024-03-22 21:50:07,-25.03,depósito,saúde,Pressure lay future stay staff.
518,5215,2024-10-27 22:24:51,3311.59,transferência,saúde,Forward should outside respond guy laugh best.
519,6523,2024-06-05 22:10:25,3744.61,pagamento,alimentação,Able great plant son natural.
520,7643,2023-10-28 13:01:04,3961.94,saque,aluguel,Animal clearly cell response.
521,7567,2024-07-24 14:01:58,3015.54,pagamento,alimentação,Blood particularly could us hotel lead.
522,8822,2024-09-09 01:55:42,941.61,pagamento,aluguel,Response blue increase unit study.
523,5272,2024-04-12 11:25:51,1301.45,depósito,lazer,Sign late probably what.
524,6400,2023-04-25 16:59:36,811.68,transferência,lazer,Above save network item one under sit.
525,6890,2024-12-18 02:12:32,3156.61,transferência,saúde,Reality community spring billion.
526,2936,2024-06-04 20:17:28,1792.37,pagamento,transporte,Paper focus thing industry participant realize eat huge.
527,9233,2023-10-04 10:32:51,4538.64,saque,saúde,Laugh card include record security.
528,2923,2023-08-31 07:20:27,2832.27,saque,lazer,Team Republican very plan cut person fact.
529,4618,2023-10-06 07:56:06,314.77,pagamento,transporte,Wonder practice when mean.
530,3509,2024-07-03 10:06:34,1729.87,saque,transporte,Report set no old wall report.
531,9998,2024-06-17 20:00:21,4476.78,pagamento,alimentação,Experience suggest space mission agent certainly prove.
532,2341,2023-06-15 09:38:51,2153.04,saque,aluguel,Seek claim expert economy style.
533,2838,2024-06-30 12:49:02,-629.45,pagamento,educação,Daughter must grow laugh pattern.
534,9792,2024-06-18 19:54:50,-100.89,saque,educação,Ten score night down six sometimes explain.
535,8239,2024-06-10 06:15:15,-302.56,pagamento,saúde,Unit hold what.
536,9008,2024-06-26 07:17:42,-454.35,depósito,aluguel,Whole approach season data than team.
537,8429,2023-12-21 06:30:18,-208.33,depósito,transporte,Treatment relate positive sense national.
538,1945,2024-04-23 19:08:41,2352.78,saque,saúde,Simply who family concern radio.
539,1356,2023-06-05 08:41:32,1375.69,transferência,saúde,Same budget American evidence.
540,4570,2023-08-04 08:58:46,2469.87,transferência,transporte,Claim suffer accept letter.
541,6644,2025-01-08 07:21:34,3202.31,transferência,aluguel,Always up others similar.
542,8734,2024-05-10 20:52:33,-809.59,depósito,alimentação,Successful feeling so nearly authority remain moment whatever.
543,3218,2024-02-19 12:00:03,3594.97,depósito,lazer,Skill city myself idea.
544,7266,2023-10-09 12:32:22,1691.22,depósito,transporte,Third professional former family wear.
545,2314,2024-05-05 08:46:55,3096.38,pagamento,saúde,Little no sell power boy generation drive.
546,6697,2024-05-23 23:52:18,-288.2,depósito,educação,Truth during always those high someone box either.
547,3086,2024-07-26 11:04:47,3367.15,pagamento,aluguel,Agency might side method meet.
548,1372,2024-01-24 05:53:38,4870.94,depósito,saúde,Fast prepare fly.
549,9920,2023-03-16 02:13:36,1544.77,depósito,alimentação,Cold what Mrs account.
550,5055,2023-03-02 23:40:46,1763.75,pagamento,lazer,Prove similar ten interest billion.
551,4088,2024-03-03 19:39:41,4624.46,transferência,aluguel,Position vote section child learn forward.
552,7868,2023-03-20 02:42:15,2689.54,transferência,alimentação,Approach some newspaper offer.
553,4376,2023-07-06 22:49:06,-596.25,transferência,transporte,Imagine later identify first hope.
554,1797,2023-04-13 00:34:32,468.4,transferência,transporte,Accept result as second animal summer group.
555,8191,2024-02-05 16:45:23,406.04,pagamento,aluguel,Face rate paper example.
556,3295,2024-12-30 21:57:59,2023.38,saque,alimentação,High state air choose detail section.
557,6224,2024-09-21 00:04:25,2464.85,saque,alimentação,Far plant fear thought whole term possible.
558,5944,2023-01-19 19:03:04,4257.55,pagamento,transporte,Themselves center among of hour natural be.
559,5923,2023-06-23 06:51:57,650.92,pagamento,saúde,Deep town surface central contain pattern.
560,7999,2023-07-26 10:38:40,2335.1,transferência,lazer,Boy provide note approach seem.
561,7244,2024-03-12 10:31:21,3714.83,saque,saúde,Popular available public economy culture oil week.
562,7821,2023-10-15 12:44:16,1449.56,saque,transporte,Provide doctor expect attorney.
563,4012,2023-06-10 10:16:16,3526.5,depósito,alimentação,Magazine foreign process really charge note.
564,4692,2024-09-29 11:48:40,804.42,pagamento,transporte,When collection finish size Republican political.
565,1944,2023-08-14 00:52:56,2374.32,depósito,educação,Care run there leg grow figure.
566,9683,2024-03-14 15:06:16,-195.44,pagamento,lazer,Compare parent success teach.
567,4331,2023-04-29 21:00:59,981.58,transferência,transporte,Cultural safe phone road throughout support place.
568,7079,2024-10-03 07:56:55,-445.22,pagamento,aluguel,Often shoulder defense already end thus music president.
569,5398,2023-05-06 13:54:57,1263.01,transferência,aluguel,Hotel through operation tax card may.
570,4082,2023-03-22 11:14:44,3827.9,pagamento,transporte,Hair action draw who word range.
571,4422,2024-08-21 06:32:26,4216.84,saque,lazer,Cell city not not the certainly rule.
572,1251,2025-01-09 14:41:31,270.85,pagamento,saúde,American seven discussion enough doctor protect.
573,2922,2024-02-17 09:16:36,3481.28,depósito,alimentação,Hold truth thing always possible billion.
574,4350,2024-02-20 02:17:30,1379.79,pagamento,educação,Strong enjoy name community president.
575,6269,2023-10-21 20:49:18,3653.08,depósito,transporte,President structure might heavy trade might good test.
576,9743,2024-01-24 06:57:13,2892.33,saque,lazer,Thought according think key discover method exactly.
577,6892,2023-05-07 19:52:50,2076.9,depósito,transporte,Church own stage produce.
578,2615,2023-11-29 04:09:20,3816.9,depósito,lazer,Result loss long decision claim street.
579,4328,2023-01-28 13:37:15,1224.23,depósito,aluguel,Amount of claim picture always.
580,4625,2024-03-30 15:04:09,3447.51,transferência,lazer,Argue election conference when.
581,7841,2024-04-20 16:01:49,771.15,pagamento,lazer,Point these road start water describe paper.
582,4768,2024-01-12 06:58:48,1279.04,pagamento,transporte,Color store over some star consider process.
583,6530,2023-08-04 14:13:10,543.96,depósito,saúde,Right garden law opportunity.
584,9037,2023-07-08 15:14:09,1764.97,saque,alimentação,History board dark teacher mean information.
585,3293,2023-05-07 07:13:08,3321.88,depósito,alimentação,Benefit live pass although six me brother lot.
586,9882,2023-04-22 08:42:07,4941.94,transferência,educação,Much ability visit question issue inside themselves recently.
587,1554,2023-12-10 07:31:14,4034.41,transferência,saúde,Voice lot shoulder go source.
588,1794,2024-12-16 06:54:44,3586.03,depósito,alimentação,Best care local discussion teacher exist theory.
589,4791,2023-11-24 12:55:23,-592.19,pagamento,aluguel,Country remember smile official brother.
590,4583,2023-01-16 17:18:11,2034.4,saque,aluguel,Pressure reach firm gun choice prepare.
591,8916,2023-07-27 03:15:11,2955.71,transferência,aluguel,Talk interest hand every quite.
592,9719,2024-08-19 12:53:33,2309.86,transferência,aluguel,Including six lot have never.
593,9673,2023-07-27 05:57:16,3333.16,saque,aluguel,Officer similar huge catch tell.
594,9228,2023-04-13 15:06:57,3878.94,depósito,alimentação,Land record class Democrat hundred.
595,2753,2023-10-01 00:08:06,4508.29,pagamento,alimentação,Pass range appear home player source statement.
596,4144,2024-01-12 11:44:14,2718.69,saque,lazer,Itself ask develop bag also his worker pass.
597,5379,2024-02-19 19:26:37,3769.62,transferência,lazer,Represent our watch star policy.
598,7652,2023-12-18 02:13:42,1753.99,pagamento,saúde,Cut prevent sound.
599,4700,2023-08-21 06:44:39,799.85,transferência,saúde,Almost outside middle discuss college.
600,1519,2023-02-08 03:25:28,-439.0,depósito,transporte,Dream a church you sister good.
601,8798,2023-11-14 01:11:52,-663.31,transferência,saúde,Only military say attention bed expect.
602,3807,2024-10-16 15:08:00,-503.88,depósito,saúde,Trip give white everybody paper create upon.
603,6427,2024-04-01 16:14:04,2395.14,transferência,educação,End imagine blood.
604,1697,2023-03-08 08:34:07,378.6,depósito,lazer,Family water sort what then spend offer.
605,1762,2024-07-03 07:52:14,4544.96,saque,educação,Whom none show serious which learn.
606,1539,2024-01-03 23:38:52,76.13,saque,aluguel,Television loss election him small detail red son.
607,4394,2023-11-27 11:22:25,2522.22,depósito,aluguel,Might act strategy eat behavior purpose.
608,5903,2024-10-09 21:08:16,-25.3,pagamento,educação,Away use live government thus especially.
609,7375,2024-08-12 16:33:25,3062.21,saque,transporte,Material current save their deal.
610,3292,2023-06-17 15:02:20,3742.99,transferência,educação,Student green single build bad.
611,6666,2024-06-09 10:19:03,-677.82,depósito,alimentação,Pass share must amount lot per manage.
612,2245,2024-11-25 09:59:20,1043.56,depósito,lazer,Than make worker trouble exactly develop office.
613,1485,2023-02-22 04:35:29,2804.74,depósito,transporte,Son long must maybe hour rather company.
614,4737,2023-04-14 15:01:18,1134.87,depósito,transporte,Least ready activity decision ok foot party.
615,4043,2023-07-31 20:22:10,3078.17,depósito,aluguel,Nature down likely party.
616,5839,2023-10-22 08:31:01,3788.33,transferência,aluguel,Material decision red head.
617,5390,2024-11-04 16:59:20,-74.67,pagamento,saúde,Evidence conference capital office direction between.
618,7383,2023-08-08 19:24:44,900.07,transferência,aluguel,New task cultural son school.
619,1085,2024-01-13 12:18:48,4657.76,depósito,lazer,Computer matter yet.
620,5419,2024-10-31 20:58:19,-386.61,transferência,alimentação,Military result size feel no nothing huge real.
621,8061,2023-02-26 18:21:20,1693.06,depósito,aluguel,Sport live picture last free.
622,1430,2023-10-18 12:00:58,-462.29,transferência,educação,Night use election after building test.
623,6315,2024-04-25 11:57:06,4182.31,transferência,lazer,Officer practice Mrs without expect.
624,7779,2023-09-20 15:19:06,1326.8,transferência,saúde,Maintain say threat high expert place certain.
625,4977,2023-05-21 07:01:50,2431.76,pagamento,saúde,Instead partner if trade bad gas.
626,7237,2023-09-11 14:55:32,17.01,saque,lazer,President report painting house thought sit.
627,5397,2025-01-09 07:08:04,1958.74,transferência,alimentação,Security minute late cold take by.
628,8121,2023-07-12 08:57:51,655.77,saque,transporte,Wait red bag cold billion.
629,2260,2023-03-01 16:22:22,1166.75,pagamento,saúde,Nature ago however share bar energy choice.
630,9123,2024-06-02 18:09:43,2562.84,pagamento,transporte,Finally easy exist phone capital stuff.
631,2752,2023-02-02 07:48:14,-187.06,transferência,transporte,Professional team foot.
632,6443,2024-01-15 23:21:50,4049.68,depósito,lazer,Window music evening know wide recently computer.
633,8212,2024-04-19 06:58:23,1008.42,pagamento,lazer,Piece player nor model police finally girl.
634,6253,2024-03-05 07:20:21,2619.27,pagamento,transporte,Source kind hand employee field.
635,6147,2023-01-11 04:55:04,65.82,depósito,lazer,Spring summer gas light across two water.
636,5775,2024-01-16 16:22:16,3409.25,depósito,educação,Across involve fall discuss account.
637,4971,2023-10-28 08:25:23,955.32,saque,transporte,In night house clear say.
638,6980,2023-11-09 20:09:52,-316.67,pagamento,educação,Determine bad personal might son party.
639,9939,2024-07-03 02:53:15,79.56,transferência,saúde,Expect sea speak include table.
640,8563,2023-06-01 19:30:45,4657.85,pagamento,transporte,Face PM pay evening.
641,5773,2024-05-08 20:10:05,3987.69,transferência,transporte,Could affect anyone movement control bill especially.
642,9180,2024-07-19 15:24:54,-164.93,saque,alimentação,Road do character management game find.
643,5139,2024-09-23 02:15:17,2951.98,depósito,transporte,Your less social form such weight argue.
644,2211,2024-09-04 14:24:52,1694.4,depósito,educação,Author like court success stage stock.
645,7566,2023-04-15 20:43:28,2206.2,depósito,educação,His window east yes current.
646,1602,2024-08-04 06:36:23,3744.33,saque,saúde,Miss word list race.
647,9796,2023-09-10 13:20:11,2562.92,transferência,aluguel,City rock seat near business loss.
648,5067,2023-08-31 05:28:33,2945.61,saque,alimentação,Growth appear project wind door.
649,1725,2023-12-14 08:33:22,2379.32,depósito,lazer,Address some once how during why.
650,8052,2024-04-06 11:15:25,-364.33,transferência,lazer,Read choice side eat matter rather full.
651,4637,2024-08-23 02:25:26,2064.06,pagamento,transporte,Art green child movie blue maintain first next.
652,7129,2024-05-25 20:16:06,1346.81,pagamento,lazer,South just cover ready group care.
653,1402,2024-12-09 03:29:23,1896.63,saque,transporte,Magazine join far.
654,2406,2024-07-05 12:55:20,-303.58,pagamento,lazer,Couple cost girl run every story trial.
655,6110,2024-03-16 20:12:15,1058.4,pagamento,educação,Attention choice fast enjoy.
656,8912,2023-10-23 06:40:23,1089.8,transferência,transporte,A point here control affect task simply.
657,8412,2023-07-15 14:30:01,913.46,saque,aluguel,Return probably much hold model marriage.
658,2885,2024-03-14 11:18:05,-864.49,saque,saúde,Party follow political book.
659,2791,2024-02-21 12:21:40,3062.84,pagamento,saúde,Analysis visit condition all.
660,4996,2023-04-04 06:50:57,2095.96,pagamento,lazer,Court all politics home majority perhaps opportunity.
661,7985,2023-02-18 06:13:07,4750.78,pagamento,transporte,Determine responsibility actually TV pretty up.
662,4022,2024-10-18 10:14:56,118.32,depósito,transporte,Life police guess sea.
663,1478,2024-12-02 18:01:33,3424.33,pagamento,transporte,State some around pay more same.
664,8037,2024-10-20 06:35:34,1333.01,pagamento,alimentação,Back democratic mind big discuss.
665,5560,2023-11-06 10:17:18,3513.95,transferência,educação,Cover prevent now way next.
666,2667,2024-03-19 15:42:36,3797.01,pagamento,lazer,Second short office purpose reflect interview.
667,6340,2023-04-01 23:48:20,182.45,transferência,lazer,Society nearly measure price.
668,9019,2024-02-29 19:49:21,2166.29,saque,educação,Kitchen good firm yard foot he share issue.
669,7367,2024-07-27 22:21:02,2667.85,transferência,lazer,Part none degree she unit effect.
670,6766,2023-12-28 12:36:30,4073.11,pagamento,saúde,Where a alone expect administration career three.
671,5873,2023-01-16 05:38:53,4512.1,transferência,saúde,Worker Democrat fire sign wall.
672,3194,2024-10-10 20:40:39,879.11,pagamento,lazer,Try memory number occur behind.
673,2916,2024-01-03 17:06:41,98.27,pagamento,educação,Choose enter threat economic eight feel.
674,7364,2024-03-29 05:50:52,1509.43,pagamento,educação,Notice design baby foot lot major.
675,7286,2024-12-09 10:13:12,1538.23,depósito,saúde,Standard believe politics also space high sister.
676,9804,2024-12-27 04:07:35,3160.6,pagamento,educação,Girl stage indicate test thank dinner.
677,3733,2024-06-01 03:52:56,1937.85,pagamento,alimentação,Up plant place approach modern floor north force.
678,6154,2024-07-06 02:32:48,4051.91,transferência,lazer,Check purpose young wife send.
679,1157,2024-04-01 22:43:26,1907.65,pagamento,transporte,Bed it skill challenge from live seat.
680,9281,2024-03-11 21:29:52,2918.42,depósito,saúde,Energy huge its recently seven lose.
681,9056,2023-06-14 00:12:25,1493.78,depósito,transporte,House number night young modern drug entire.
682,3740,2023-12-11 04:12:09,-503.98,transferência,alimentação,Range office both including half couple.
683,5785,2023-10-05 17:36:22,-803.83,pagamento,educação,Pretty show college glass start sort perhaps key.
684,5729,2024-12-28 23:46:45,9.25,depósito,educação,Current health serious table both.
685,9115,2023-02-22 11:51:31,2298.36,transferência,educação,We unit than star add.
686,2871,2024-07-03 00:28:36,607.33,saque,educação,Figure likely forward science.
687,1681,2023-06-24 16:50:18,3560.02,depósito,educação,National seek nature performance yeah.
688,4580,2024-07-04 00:15:41,4938.65,transferência,saúde,Heavy town money.
689,5055,2023-07-28 13:14:52,786.25,transferência,transporte,Art customer recent even.
690,5305,2024-01-07 06:41:39,1091.46,transferência,transporte,At produce production.
691,2923,2024-12-20 04:18:13,3653.79,pagamento,alimentação,Ten affect test power discuss herself.
692,6744,2024-07-15 08:45:16,4166.29,depósito,alimentação,Tough machine others because.
693,3281,2023-06-14 14:29:55,3709.1,pagamento,aluguel,Whom night Republican always two figure majority.
694,6747,2024-08-11 07:38:42,2193.68,pagamento,lazer,Adult range green few.
695,5794,2024-02-04 11:12:03,736.0,saque,educação,Speech personal these three spring.
696,2560,2023-02-03 00:28:49,-186.47,depósito,aluguel,We difficult game hotel case role minute.
697,5543,2024-06-20 17:56:14,4202.29,pagamento,saúde,Their rather individual of interview fine painting last.
698,3174,2023-04-23 11:36:25,498.06,saque,alimentação,Present ok range dark catch.
699,7434,2024-06-28 22:21:53,1936.75,saque,saúde,Travel involve training show prevent north citizen.
700,7786,2023-03-04 19:20:30,1251.03,transferência,saúde,Mouth rest contain style certainly ahead five.
701,2525,2023-11-28 17:27:51,1417.1,saque,saúde,Field seat start PM scene charge.
702,7046,2023-06-06 02:31:57,1728.17,depósito,lazer,Capital ago worry pay.
703,1040,2024-04-25 12:28:57,4213.45,transferência,saúde,Partner others discuss ago bag sister care.
704,8511,2024-10-29 08:21:22,2809.04,saque,aluguel,Light power contain hold listen clearly difficult impact.
705,9756,2023-01-22 19:04:56,1386.3,depósito,alimentação,Wear development provide dark daughter.
706,9105,2023-05-28 16:10:23,611.22,saque,lazer,Term majority foot leader east if.
707,9967,2023-02-12 14:53:40,2467.6,depósito,lazer,Save herself fine particularly score order modern then.
708,1793,2024-09-13 08:26:45,-724.34,depósito,aluguel,Minute later still.
709,3035,2023-02-13 01:53:10,4576.6,pagamento,transporte,Million how same newspaper might.
710,8479,2024-05-14 23:20:14,-995.94,depósito,alimentação,Couple keep this.
711,3161,2024-09-03 01:34:52,4292.89,saque,alimentação,Leave institution party approach might.
712,5489,2023-05-01 14:44:06,-439.96,saque,lazer,Stop later reveal both single visit receive.
713,2350,2023-04-26 05:29:44,1231.06,pagamento,aluguel,Including late condition opportunity Republican dark.
714,7493,2023-12-30 07:06:20,2753.63,pagamento,transporte,Economic reality trade someone.
715,2494,2024-07-22 02:40:18,3222.19,transferência,alimentação,Before relationship plant be.
716,8812,2024-07-13 11:50:05,-532.37,pagamento,educação,Risk window partner civil nearly analysis.
717,8291,2023-05-23 20:43:23,-944.28,saque,aluguel,Not process change than condition Republican.
718,7919,2023-12-03 00:45:57,3164.19,depósito,aluguel,Finally shoulder land phone brother.
719,4751,2023-04-23 07:51:29,1298.42,transferência,aluguel,About she activity marriage material.
720,6133,2024-09-29 07:14:25,1205.37,saque,alimentação,Part management describe.
721,7270,2024-06-06 08:37:11,3640.76,pagamento,saúde,Law kind over according think everything pick.
722,3340,2024-10-09 03:22:01,-589.53,transferência,educação,Any challenge president already take.
723,3688,2024-06-12 04:54:47,1640.6,pagamento,saúde,Study fear turn any indicate condition public.
724,3480,2024-04-29 18:44:06,4519.36,depósito,alimentação,Occur no whom see growth along shoulder follow.
725,2420,2024-12-08 06:21:50,4379.56,pagamento,aluguel,Star serve successful assume likely business.
726,7291,2024-11-08 15:43:17,1109.21,depósito,lazer,Forget including decide decade around.
727,3290,2024-03-29 22:15:02,486.72,transferência,alimentação,More because right painting small religious interview summer.
728,5668,2023-07-31 19:36:37,3673.82,transferência,saúde,Offer perhaps until pass market role marriage.
729,5942,2024-09-29 17:02:31,232.67,pagamento,saúde,This discussion fact cover.
730,7418,2023-04-12 22:44:13,773.25,transferência,alimentação,Let someone scene.
731,9108,2023-06-21 04:07:23,1315.31,pagamento,transporte,Yourself increase free night point action cut example.
732,2163,2024-09-15 21:30:29,2169.72,transferência,lazer,Film media food accept.
733,6185,2024-06-26 20:06:07,-208.1,depósito,lazer,Game right pattern ahead compare form.
734,9951,2023-09-30 14:47:45,3097.65,depósito,aluguel,Trouble something population loss physical throughout Mr.
735,1273,2023-09-28 10:05:35,2524.18,transferência,lazer,Six including sea strong federal right firm.
736,4534,2024-03-02 08:49:32,-761.04,transferência,transporte,Decade rate son.
737,9300,2024-11-30 21:15:55,718.93,depósito,transporte,At chance subject fund heart move.
738,7590,2023-05-20 01:05:30,-505.43,pagamento,lazer,Paper cost bring site final tax report.
739,2369,2023-08-10 00:16:30,859.44,pagamento,alimentação,Beautiful theory he stop few modern.
740,9788,2023-05-27 01:40:13,960.5,transferência,lazer,Hear also dark begin.
741,8167,2024-02-08 03:37:16,3379.75,pagamento,aluguel,Sometimes toward child.
742,5005,2023-10-02 07:24:58,-482.72,depósito,aluguel,Run model simply century the state visit.
743,8428,2024-06-19 18:07:15,2673.78,transferência,lazer,Day already hold ten.
744,3877,2023-04-11 02:32:08,-283.34,pagamento,saúde,Financial analysis summer.
745,1185,2024-11-18 08:07:34,-17.0,saque,educação,Four threat billion she.
746,9474,2024-08-12 05:20:37,3697.92,saque,alimentação,Against serve police decide customer.
747,7092,2023-08-21 17:11:58,-238.42,saque,saúde,Mother significant provide evening church.
748,2934,2023-04-10 00:53:34,3628.58,transferência,lazer,When nice bill.
749,8034,2024-03-07 12:39:52,631.88,transferência,lazer,Near even wall sound off commercial.
750,2262,2023-09-09 23:41:41,1976.89,saque,aluguel,Throughout music anything ahead tough anyone himself beat.
751,9185,2023-11-11 13:03:15,4156.16,pagamento,lazer,Relate through picture real.
752,3577,2023-12-23 10:11:12,530.7,transferência,educação,Green forward cup serve speak bad type share.
753,2889,2024-03-27 03:33:22,370.43,transferência,aluguel,Behavior sort recognize best.
754,1201,2023-09-09 05:19:00,467.31,depósito,lazer,Like water century time election guy contain.
755,7274,2024-12-23 14:14:40,4521.36,pagamento,aluguel,Small think law air little goal.
756,7870,2024-01-04 09:21:52,347.09,pagamento,transporte,Executive give offer meet.
757,6241,2023-11-22 05:43:52,627.55,transferência,educação,For power society mouth.
758,7108,2023-11-18 10:57:25,-283.59,transferência,alimentação,Including per nature wind himself future sport opportunity.
759,4656,2024-09-11 07:52:06,3826.03,transferência,transporte,Note garden reason community prove school.
760,2129,2024-07-17 02:08:19,4261.95,saque,lazer,Student boy other foot best knowledge final.
761,6362,2023-11-22 07:44:21,-481.69,depósito,aluguel,Our rate others star.
762,7044,2023-09-22 10:31:42,204.03,saque,saúde,Population article design catch oil sense special.
763,4974,2024-08-21 04:08:52,1783.56,depósito,alimentação,Produce laugh factor past.
764,9954,2023-12-24 10:51:31,3562.89,pagamento,alimentação,Day theory feel some quickly.
765,1104,2024-12-24 13:18:27,4594.39,transferência,alimentação,Response trip wrong old particularly member.
766,9872,2024-10-30 12:17:26,1078.54,transferência,lazer,System artist too whose.
767,1023,2023-01-11 18:55:00,3553.57,depósito,saúde,Star grow technology tend dog reduce hour.
768,6038,2023-09-15 05:31:09,-376.31,pagamento,transporte,Image itself deep community cause new.
769,9061,2024-10-27 03:57:48,4767.11,pagamento,saúde,Style child young prove care author.
770,5584,2023-01-23 08:00:39,-441.84,pagamento,educação,Return main join wrong.
771,7767,2023-03-17 21:26:14,3205.08,saque,transporte,Politics indeed lay smile.
772,2391,2024-04-24 14:34:44,2484.62,pagamento,saúde,Perhaps lawyer interest star his difficult.
773,7461,2023-12-07 01:31:03,-551.02,transferência,transporte,Account marriage room Republican especially unit office almost.
774,3141,2023-02-09 13:03:06,420.63,saque,lazer,Low happy oil which bag room money.
775,7438,2024-11-08 14:39:13,3204.35,saque,lazer,Let back three because line.
776,8417,2024-08-09 05:13:39,631.74,transferência,alimentação,Range much often party.
777,3230,2024-12-12 23:14:48,3679.62,transferência,alimentação,Movement action law town off former.
778,2731,2023-10-12 06:00:00,-13.75,depósito,lazer,Eye along type see risk.
779,7660,2024-03-23 23:26:34,-275.58,saque,alimentação,Article list college appear wrong.
780,8404,2024-09-30 10:06:23,849.85,saque,aluguel,Agree machine camera baby six edge past every.
781,2481,2023-07-29 17:11:53,-54.31,saque,saúde,Scientist page travel.
782,1660,2024-08-07 02:32:38,290.12,saque,alimentação,Process have compare site.
783,2494,2023-07-13 14:12:24,3266.94,saque,transporte,Congress month almost worker whose other start.
784,9412,2024-10-22 17:27:25,-706.3,saque,lazer,Sell include himself produce rise cold official.
785,3848,2024-10-26 00:06:05,-813.51,depósito,transporte,Approach enough standard apply less live.
786,5093,2024-01-16 01:26:33,-431.65,transferência,alimentação,Do raise hope enjoy most itself eye.
787,2989,2024-09-21 10:06:51,-928.26,pagamento,alimentação,High firm morning what best most government.
788,4246,2024-10-27 20:57:26,3942.04,saque,saúde,Particular present evening establish sort effort.
789,2376,2024-04-08 21:02:30,2493.94,saque,aluguel,Leave push drop public side mind.
790,1357,2024-06-20 12:46:42,4982.97,pagamento,saúde,Finish action across attack.
791,8265,2023-11-26 13:25:44,3855.79,transferência,lazer,Moment rate goal rise.
792,3007,2023-07-25 18:52:48,-743.82,depósito,aluguel,Alone people arm order thus.
793,3752,2023-06-28 13:06:07,4544.79,depósito,saúde,Point remain build task candidate prevent tonight not.
794,7471,2023-06-03 15:31:58,1976.76,depósito,saúde,Receive education level view.
795,7990,2024-05-21 06:55:41,36.84,pagamento,alimentação,Two everybody interview tough show food class.
796,5505,2023-03-09 14:36:05,679.13,pagamento,aluguel,Since him four art western.
797,5026,2023-08-04 16:54:24,2883.67,depósito,transporte,Key man up particular.
798,8848,2023-05-29 17:35:58,-634.13,saque,transporte,Board music issue pass blood kid else.
799,3248,2023-02-07 05:03:02,1515.41,pagamento,saúde,Audience road since affect.
800,9907,2024-02-01 17:01:21,3769.08,depósito,saúde,Present a also hospital.
801,6883,2023-05-08 21:21:52,1878.11,depósito,lazer,Toward off middle vote make job.
802,9231,2024-10-27 17:24:46,929.63,saque,alimentação,Music about west stand.
803,1427,2024-01-20 13:33:51,913.27,pagamento,aluguel,Note various grow radio.
804,5602,2023-11-18 07:11:51,-648.45,depósito,educação,Place where before movement.
805,6856,2023-10-02 06:25:34,3601.05,pagamento,alimentação,Subject set face data.
806,2640,2024-03-16 19:22:06,487.14,pagamento,lazer,Whose produce federal.
807,9743,2023-11-10 03:16:31,3897.71,transferência,alimentação,Piece grow be plan.
808,7363,2024-08-04 06:37:57,1128.83,pagamento,alimentação,Cause cover rest or majority.
809,4875,2023-03-01 01:27:50,2555.12,saque,educação,Poor matter who speech whom administration fund.
810,1462,2023-09-30 10:43:38,3220.72,saque,educação,If deep president.
811,3328,2024-02-21 10:51:11,2378.65,pagamento,transporte,Vote thank Mr scientist do author save.
812,9882,2024-01-25 20:51:15,854.32,depósito,aluguel,Likely truth animal.
813,2478,2024-07-08 20:18:59,-662.99,pagamento,aluguel,Add plan toward star.
814,9625,2023-03-27 16:51:18,1867.93,saque,educação,Particularly structure ask stage box organization past.
815,4300,2023-03-01 03:39:14,3838.67,saque,saúde,International specific word question food.
816,3907,2024-06-25 11:31:41,4512.68,saque,aluguel,National focus who degree animal community as.
817,1359,2023-08-11 20:56:19,-113.73,pagamento,aluguel,Serious collection have close.
818,9622,2023-07-19 09:03:39,4164.02,transferência,lazer,American beyond suggest partner sing administration main according.
819,7481,2023-05-30 11:41:39,2516.1,saque,lazer,Religious order exist really.
820,6285,2024-09-17 11:38:01,-181.29,pagamento,saúde,Realize deal policy mission include visit particular.
821,8157,2023-02-09 08:30:23,3751.06,depósito,saúde,Conference matter wear physical site girl above dog.
822,6198,2023-04-12 09:42:03,45.22,saque,alimentação,With peace television would medical less phone.
823,3872,2023-06-21 18:37:25,1270.3,saque,alimentação,Apply both chance such treatment.
824,3911,2024-02-01 13:32:42,3372.99,depósito,educação,Civil two approach hair.
825,1530,2023-06-22 22:13:57,92.49,saque,educação,Edge pattern three law bit appear.
826,4619,2024-03-03 12:19:29,2837.88,transferência,transporte,Citizen ahead method audience.
827,3304,2023-07-12 21:30:11,987.01,transferência,alimentação,Or for cup quality for single.
828,6682,2023-09-21 10:44:30,4894.28,pagamento,saúde,Better scene thank heart determine.
829,2453,2024-01-11 23:05:28,3929.97,saque,transporte,Machine three certain until lawyer hold carry rest.
830,1186,2024-05-16 00:55:26,591.27,pagamento,saúde,Wish dark camera realize arrive carry.
831,2110,2024-11-02 15:07:42,1102.89,transferência,saúde,Learn commercial gas though page smile point.
832,1020,2024-04-30 02:54:22,-711.12,depósito,saúde,Official need discover in.
833,7875,2024-02-20 09:40:17,4814.61,depósito,transporte,Television describe list leg address into their.
834,7204,2023-07-22 15:06:33,1107.39,depósito,aluguel,Its develop until watch trial together.
835,8855,2023-12-01 15:01:41,3732.38,pagamento,alimentação,Always likely shoulder.
836,8393,2023-02-06 05:55:44,-557.74,transferência,lazer,Most look something start laugh drive.
837,1328,2024-03-19 22:08:52,912.3,transferência,aluguel,Really image design.
838,6600,2023-10-16 12:21:45,20.63,depósito,alimentação,Dream your administration protect class.
839,2228,2024-01-02 20:50:56,2282.28,transferência,lazer,Section agency lawyer sign them if smile.
840,8909,2023-10-25 20:20:03,3227.03,depósito,saúde,Less plant team audience throw four allow international.
841,3703,2023-08-08 16:26:05,2643.91,depósito,alimentação,My some skin ball thing save area war.
842,1877,2024-06-18 03:38:21,-392.45,pagamento,alimentação,Thousand book half people half compare.
843,7705,2024-03-20 03:48:19,3183.18,saque,saúde,Night similar catch friend.
844,5612,2024-03-05 06:42:00,784.4,transferência,aluguel,Power say sell that.
845,7437,2024-07-10 01:09:03,2430.62,depósito,alimentação,Send set fly today me.
846,1893,2023-12-05 15:10:00,1164.97,depósito,aluguel,Approach health laugh may stop.
847,5825,2024-01-11 07:41:08,3943.38,depósito,alimentação,Question mouth factor per son war speak.
848,2589,2024-11-27 01:56:20,-845.59,pagamento,saúde,Could this beautiful hospital.
849,5781,2023-05-30 00:29:25,4862.35,depósito,aluguel,When baby clearly born challenge.
850,6052,2023-05-08 00:41:01,3709.26,depósito,transporte,Minute physical fall wide must.
851,5341,2023-04-23 16:21:53,-453.18,depósito,alimentação,Get kitchen popular factor as the discussion.
852,7078,2024-02-18 17:37:27,4312.96,saque,alimentação,In garden position for order recent.
853,8303,2024-10-26 01:29:47,-732.3,depósito,transporte,Knowledge fight car smile commercial employee machine.
854,5315,2023-08-22 22:37:57,357.45,saque,educação,Chance expect what.
855,2009,2024-05-05 15:17:58,-93.22,transferência,aluguel,Republican expect win stuff.
856,6632,2024-07-02 07:01:45,3849.08,depósito,educação,Claim bring year off.
857,4727,2023-12-19 13:57:22,2321.61,depósito,educação,Hard day religious program within.
858,7858,2023-05-06 01:04:35,4793.77,depósito,educação,Large wish move building agent use.
859,4860,2024-08-30 01:24:48,1857.57,transferência,transporte,Way until choose wife.
860,1568,2024-03-10 08:05:16,2012.61,pagamento,aluguel,Former relate listen face want wonder off.
861,8357,2023-05-05 09:01:51,37.27,pagamento,alimentação,Rock two full both look always question.
862,4157,2023-04-11 21:55:29,-242.88,depósito,aluguel,Agent pay detail group for.
863,8133,2024-04-27 11:57:23,211.52,pagamento,educação,On develop very everyone against.
864,5225,2024-03-04 07:55:44,918.5,transferência,aluguel,Quality whatever wish hour make owner memory.
865,7358,2023-02-23 15:59:58,2338.19,saque,lazer,Huge respond into history activity general.
866,9514,2023-09-07 10:19:24,1748.94,transferência,saúde,Them because road know yeah sound eye.
867,9561,2024-09-27 22:01:32,3690.11,transferência,transporte,Rock increase structure our century field.
868,3451,2024-11-14 23:02:59,-110.8,transferência,aluguel,Would at whether series because important trial.
869,2654,2023-11-29 02:17:51,3714.47,saque,transporte,New report sense carry.
870,5327,2023-06-04 14:36:26,1298.26,depósito,educação,Face make state few one management.
871,8750,2024-08-07 19:06:44,-775.21,saque,transporte,Different social child feel policy PM buy.
872,3356,2024-06-11 08:43:22,2709.47,depósito,aluguel,Individual man reach each budget.
873,7484,2023-08-14 10:53:47,4337.45,saque,saúde,Yes at seat ok not than physical.
874,4892,2024-01-15 21:14:18,-704.25,depósito,lazer,Health run adult employee.
875,7102,2024-04-06 22:01:19,-878.6,saque,lazer,Certainly leave really group.
876,5593,2023-02-21 05:06:22,4057.08,transferência,alimentação,Guess player western any factor.
877,3201,2024-05-21 10:01:22,802.88,depósito,lazer,Message short consumer behind.
878,5414,2024-08-17 17:12:31,3372.8,transferência,alimentação,Myself their step rate.
879,8237,2023-09-01 23:35:27,268.34,depósito,saúde,Rate read benefit oil statement.
880,8937,2023-01-21 03:37:34,3556.96,saque,aluguel,Million health machine future.
881,9442,2024-12-18 13:30:53,3748.94,transferência,lazer,Bill choice determine could.
882,9303,2024-12-07 21:32:45,1420.31,transferência,alimentação,Party story moment mother necessary series box.
883,4158,2024-01-03 19:22:38,4251.08,pagamento,aluguel,Bring capital admit give.
884,5087,2024-06-30 21:18:54,-801.57,transferência,lazer,Catch kind would mission wide common.
885,4262,2023-09-04 18:55:21,643.86,depósito,educação,Season budget campaign.
886,7503,2024-07-03 08:50:49,2812.46,transferência,saúde,Read film decide wonder.
887,1500,2023-12-07 02:08:12,451.63,depósito,educação,Back simple serious amount.
888,8308,2023-04-04 21:03:29,65.5,depósito,educação,Soldier message arrive.
889,6730,2023-04-13 12:04:01,1065.49,saque,saúde,Analysis feeling act benefit buy.
890,2480,2024-04-22 13:24:42,710.42,depósito,aluguel,Onto customer provide ahead certainly.
891,3669,2024-08-12 17:20:07,4122.93,pagamento,alimentação,We girl civil may rock.
892,4688,2023-07-17 23:05:41,3066.17,saque,saúde,Now between official add describe course example.
893,7709,2024-12-11 11:21:44,2079.69,transferência,transporte,Above rise under turn surface listen recently.
894,3167,2023-06-03 22:11:27,2884.23,transferência,alimentação,Pull blue strong wonder interest method.
895,5135,2023-11-23 17:00:01,2650.06,saque,saúde,Seven fire letter mind.
896,5511,2024-01-31 05:52:36,1542.84,depósito,lazer,Relate news American foreign break exist.
897,8520,2024-04-21 11:16:04,511.99,depósito,lazer,Reach subject difficult imagine world.
898,9530,2023-12-09 12:58:48,3945.86,depósito,educação,Task thus sort voice happen.
899,2676,2023-01-21 01:32:30,-955.91,saque,educação,Public how mission put budget house reason.
900,5631,2023-03-31 03:26:05,790.86,transferência,transporte,Ask window full organization.
901,2045,2023-11-21 03:41:24,1017.7,saque,saúde,Do interesting material share.
902,6327,2024-08-28 01:57:08,4168.95,saque,saúde,Order series song wall green project wear would.
903,5895,2024-02-12 08:39:14,130.16,pagamento,aluguel,Challenge lawyer business majority discuss.
904,7620,2023-04-25 16:28:42,2963.18,pagamento,saúde,Between apply attention.
905,1417,2024-06-20 20:02:07,2932.4,saque,lazer,Will him quickly.
906,7857,2023-05-09 18:24:50,1427.59,transferência,educação,Perform benefit baby seem should.
907,4111,2024-09-17 20:46:51,1059.0,pagamento,saúde,Dark product make energy gas teacher national.
908,9759,2024-08-26 12:32:04,2829.88,depósito,saúde,Wrong they budget.
909,6873,2023-12-26 17:57:28,2043.89,pagamento,saúde,Table kind along computer process single.
910,3967,2024-11-28 07:12:14,762.7,depósito,alimentação,Man care resource maintain.
911,5237,2023-04-06 02:13:28,3351.12,pagamento,saúde,Push process rate occur live take media.
912,6499,2023-11-11 03:08:17,2926.61,pagamento,lazer,Manager wife pay good within.
913,4659,2023-09-17 01:25:42,3465.26,saque,transporte,Agreement and student give.
914,6428,2024-08-09 12:08:38,1230.09,saque,transporte,Agree through game best generation group goal product.
915,2929,2023-07-22 11:03:16,1823.22,transferência,transporte,Possible or travel assume figure.
916,4187,2023-09-30 08:24:34,2002.86,depósito,educação,After for leave tell.
917,5888,2024-03-27 08:24:17,1478.64,pagamento,alimentação,Top entire receive onto worry help hope.
918,4281,2024-03-30 20:05:25,1056.02,depósito,alimentação,Space beyond push from.
919,6183,2024-02-05 15:28:51,4174.36,pagamento,aluguel,Coach federal wide cut player wind.
920,8988,2023-03-10 15:17:05,995.78,pagamento,lazer,Degree enter father of source person when.
921,1950,2024-07-21 14:13:17,-971.72,saque,alimentação,Behind front attack song little decide somebody prepare.
922,3762,2023-09-02 14:01:57,2457.67,pagamento,transporte,Sound item music customer I person law.
923,2442,2024-08-26 02:47:26,-223.56,depósito,saúde,Congress affect reflect television officer defense while.
924,8035,2024-08-09 14:57:23,1420.36,depósito,transporte,Environmental point speak table trade various risk.
925,1076,2023-02-26 15:28:17,-773.65,pagamento,saúde,Customer leg drive second she such improve.
926,7112,2024-11-09 06:13:28,4700.41,saque,educação,Plant suffer environment expert.
927,4122,2023-05-15 20:42:17,-892.5,transferência,saúde,Rather door draw change agree.
928,5076,2024-09-21 05:11:15,357.59,saque,lazer,Less nice job positive already.
929,3112,2023-05-14 21:51:14,-383.75,saque,alimentação,Carry election sound probably compare.
930,2069,2024-11-03 07:20:24,3943.06,saque,lazer,White magazine after.
931,8469,2024-11-08 19:00:12,3366.99,saque,transporte,Finish fear as western.
932,3192,2024-12-07 16:15:40,1056.4,depósito,lazer,Public though however style successful door.
933,4087,2024-03-29 14:54:41,-10.7,depósito,aluguel,Usually miss stock wear use edge this.
934,4742,2023-07-15 01:16:14,345.93,pagamento,alimentação,Business southern forget once hope security door institution.
935,1359,2023-05-03 04:43:53,2538.16,pagamento,aluguel,Compare wide keep effect.
936,7006,2024-04-12 23:55:03,3266.66,transferência,transporte,Make hear we first.
937,5190,2023-12-06 07:03:09,3627.5,transferência,educação,Radio white these view guy resource start.
938,1785,2023-01-27 12:02:53,2971.82,transferência,aluguel,Alone science sometimes area true public education his.
939,2897,2024-05-21 10:04:12,1500.65,depósito,aluguel,Total rate movement door kind account.
940,9966,2023-11-12 08:47:30,516.43,pagamento,alimentação,Feeling view series father teacher.
941,1152,2023-05-15 14:02:54,806.7,transferência,saúde,Place these short image almost term.
942,9524,2024-10-11 12:42:54,619.86,pagamento,transporte,Likely include subject response theory star station.
943,2718,2024-07-06 15:50:53,2069.51,transferência,lazer,Media goal own spend scene.
944,2867,2023-12-29 04:36:28,3708.56,depósito,alimentação,Seven political contain.
945,4272,2023-12-21 12:51:50,3667.75,pagamento,lazer,Able customer figure office.
946,7713,2023-04-07 05:11:01,772.11,transferência,educação,Economic require should power.
947,9132,2023-04-22 04:18:17,4462.14,depósito,lazer,Rate society floor long same end reach step.
948,4842,2024-09-23 03:29:27,-983.57,transferência,aluguel,Cup increase consider then war.
949,9095,2024-11-28 00:30:55,-105.13,transferência,educação,Difference way type positive phone trade wind.
950,2229,2023-06-14 03:08:46,3341.38,transferência,lazer,Red collection husband investment employee.
951,4787,2023-03-21 07:25:07,1740.51,saque,lazer,Color note add moment significant up.
952,8606,2024-10-14 16:23:34,-699.52,pagamento,aluguel,Budget require course technology site explain management.
953,5760,2023-04-22 06:17:16,1161.29,saque,transporte,Task outside yet executive quality industry.
954,2898,2023-11-24 10:38:15,-430.01,transferência,aluguel,Agreement wish dog late.
955,3267,2023-07-23 00:10:43,2980.13,pagamento,lazer,Old positive beat light the window.
956,6857,2023-11-15 22:09:12,4367.17,saque,saúde,Require remain save eight believe.
957,2522,2023-02-25 18:25:08,1235.73,saque,alimentação,Four dog traditional.
958,2865,2024-04-26 02:50:08,1404.67,depósito,lazer,Remember special accept mean herself within provide car.
959,7319,2024-12-04 03:29:36,3139.41,depósito,transporte,American conference college manage fund life bed.
960,3732,2024-07-15 19:19:11,-321.66,transferência,alimentação,Item employee finish without material wind exactly.
961,2699,2023-10-18 05:07:20,1496.17,depósito,educação,Executive theory party seven enough fine.
962,8178,2024-12-04 11:48:18,87.56,depósito,lazer,Firm yes shake character.
963,1472,2024-11-03 16:53:46,4175.45,pagamento,transporte,Apply chance discover along employee relationship.
964,8997,2023-12-16 02:50:19,-322.38,depósito,transporte,Yet until American ground.
965,1753,2024-07-14 20:27:27,-619.98,saque,aluguel,Magazine manage suffer term buy behavior test.
966,9598,2023-05-31 10:50:56,3605.17,pagamento,saúde,Seek state none production.
967,6542,2023-06-25 02:32:51,2114.6,transferência,transporte,Your above short Congress turn east marriage behind.
968,5072,2023-09-23 09:49:17,1891.58,depósito,alimentação,Expect wonder business.
969,1894,2023-10-28 06:49:40,-930.13,pagamento,educação,Upon black food ahead least remain look pick.
970,8688,2023-08-08 07:39:21,4111.23,pagamento,aluguel,Price forget analysis performance laugh water yourself trade.
971,9055,2024-09-21 04:58:37,923.8,saque,lazer,Can tell soon executive sometimes season natural.
972,1824,2024-04-22 22:43:27,2041.58,depósito,transporte,Begin effort drive side human after.
973,4850,2023-06-21 20:44:58,-527.02,depósito,educação,Home I positive west.
974,8341,2023-05-10 20:28:29,-471.88,depósito,transporte,Fear song save TV.
975,6178,2024-12-13 02:01:27,-287.76,depósito,saúde,Capital program story mention majority those live none.
976,1291,2023-12-05 17:48:13,-384.14,depósito,aluguel,Series specific pass its.
977,9996,2023-12-08 00:43:50,-998.98,transferência,educação,American game less difference.
978,5990,2024-06-27 03:34:21,4340.67,pagamento,saúde,Us money positive base.
979,8474,2024-01-09 19:26:03,4702.13,saque,aluguel,Bad soon feel worker range feel.
980,4652,2023-07-23 06:26:01,4065.9,saque,educação,Into notice necessary true message member including.
981,8751,2024-01-07 01:01:16,3299.95,saque,saúde,Spend green one shoulder administration scientist leg.
982,8414,2024-09-12 18:35:58,-315.86,pagamento,aluguel,Successful and indicate region.
983,6592,2023-09-11 23:34:50,1130.83,saque,educação,Right serious last space game truth special decision.
984,9552,2023-03-12 21:19:57,1243.34,transferência,aluguel,Else pull its adult house actually pretty least.
985,3689,2023-11-21 18:39:03,1954.53,depósito,aluguel,Rise field spend pattern real white push source.
986,5166,2023-03-20 04:50:01,2665.11,pagamento,aluguel,Career course staff receive.
987,7437,2023-06-06 07:53:31,293.54,pagamento,saúde,Decide possible power.
988,6536,2023-12-15 14:52:56,-353.41,depósito,aluguel,Teach Mrs beat show challenge instead bring total.
989,3018,2024-08-06 23:04:32,3632.87,depósito,transporte,White likely teacher one cut notice.
990,9260,2024-10-19 19:04:23,-192.18,depósito,aluguel,Anything account piece require woman support.
991,9689,2024-08-05 15:19:55,3417.28,depósito,educação,Other never fact maintain main opportunity particularly question.
992,8912,2024-10-06 11:23:13,4546.23,pagamento,saúde,Discussion art affect office network environmental possible.
993,3845,2024-12-01 17:58:42,3382.97,pagamento,aluguel,Bring performance position large job claim risk.
994,7347,2024-01-10 14:28:19,2945.13,saque,educação,Just medical onto rate two table.
995,7302,2024-07-19 15:28:30,1511.99,pagamento,lazer,Capital fall represent where strategy pull same.
996,7518,2024-09-20 09:12:08,4781.56,saque,transporte,Son suddenly perform executive see project can.
997,3185,2023-06-15 01:51:06,-170.92,saque,saúde,Paper beyond indeed year.
998,9975,2023-09-03 23:40:40,4164.25,pagamento,alimentação,Decide another adult thing ground.
999,4435,2023-05-14 07:48:59,2745.01,saque,saúde,Still thus allow as.
1000,6657,2023-12-11 14:32:37,4527.15,pagamento,saúde,Pay building difference election.
